topic_id,openalex_id,display_name,description,keywords,domain_id,domain_name,field_id,field_name,subfield_id,subfield_name,works_count,cited_by_count,works_api_url,updated_date,created_date,source,fetched_at
T12157,https://openalex.org/T12157,Geochemistry and Geologic Mapping,"This cluster of papers focuses on the application of machine learning, remote sensing, and compositional data analysis techniques for mineral prospectivity mapping. It explores the use of advanced technologies such as ASTER and hyperspectral imaging to identify geological features, geochemical anomalies, and hydrothermal alterations associated with mineralization. The cluster also delves into the challenges and opportunities in using support vector machines, fractal modeling, and statistical analysis for predicting undiscovered mineral deposits.",Machine Learning; Mineral Prospectivity; Remote Sensing; Compositional Data Analysis; Geological Mapping; Hyperspectral Imaging; Support Vector Machines; Fractal Modeling; Geochemical Anomalies; Lithological Mapping,https://openalex.org/domains/3,Physical Sciences,https://openalex.org/fields/17,Computer Science,https://openalex.org/subfields/1702,Artificial Intelligence,3956535,1696319,https://api.openalex.org/works?filter=topics.id:T12157,2026-06-19T03:01:20,2024-01-23T15:27:13,OpenAlex Topics API,2026-06-19T23:47:35+00:00
T13650,https://openalex.org/T13650,Computational Physics and Python Applications,"This cluster of papers covers a wide range of topics related to scientific computing and data analysis using Python. It includes statistical modeling, machine learning, visualization, geospatial mapping, geomorphology, oceanography, and HF radio networking. The papers showcase the diverse applications and tools available for scientific research and data analysis in various fields.",Python; Scientific Computing; Statistical Modeling; Machine Learning; Data Analysis; Visualization; Geospatial Mapping; Geomorphology; Oceanography; HF Radio Networking,https://openalex.org/domains/3,Physical Sciences,https://openalex.org/fields/17,Computer Science,https://openalex.org/subfields/1702,Artificial Intelligence,413354,672810,https://api.openalex.org/works?filter=topics.id:T13650,2026-06-19T03:01:20,2024-01-23T15:27:19,OpenAlex Topics API,2026-06-19T23:47:35+00:00
T10181,https://openalex.org/T10181,Natural Language Processing Techniques,"This cluster of papers focuses on statistical machine translation, neural machine translation, dependency parsing, word sense disambiguation, and part-of-speech tagging. It also covers topics such as corpus linguistics, syntax-based translation models, multilingual neural machine translation, and language modeling.",Statistical Machine Translation; Neural Machine Translation; Dependency Parsing; Word Sense Disambiguation; Part-of-Speech Tagging; Corpus Linguistics; Syntax-based Translation Models; Multilingual Neural Machine Translation; Lexical Database; Language Modeling,https://openalex.org/domains/3,Physical Sciences,https://openalex.org/fields/17,Computer Science,https://openalex.org/subfields/1702,Artificial Intelligence,297455,3050416,https://api.openalex.org/works?filter=topics.id:T10181,2026-06-19T03:01:20,2024-01-23T15:27:05,OpenAlex Topics API,2026-06-19T23:47:35+00:00
T14335,https://openalex.org/T14335,Educational Robotics and Engineering,"This cluster of papers focuses on robotics programming education for elementary and junior high school students, university education, and mechatronics education. It emphasizes self-directed learning, creative activity, and the development of learning environments fostering creativity. The papers also discuss the educational effects of participation in robot competitions and the application of control engineering in teaching materials.",Robotics Programming; Education; Learning Environments; Engineering Design; Humanoid Robotics; Creative Activity; STEM Education; Control Engineering; Self-directed Learning; Robot Competition,https://openalex.org/domains/3,Physical Sciences,https://openalex.org/fields/17,Computer Science,https://openalex.org/subfields/1702,Artificial Intelligence,276539,55308,https://api.openalex.org/works?filter=topics.id:T14335,2026-06-19T03:01:20,2024-01-23T15:27:22,OpenAlex Topics API,2026-06-19T23:47:35+00:00
T13398,https://openalex.org/T13398,Data Analysis with R,"This cluster of papers focuses on statistical computing and data analysis using the R language. It covers a wide range of topics including statistical analysis, data visualization, parallel computing, time series analysis, spatial data, machine learning, geospatial analysis, statistical modeling, and big data.",R language; statistical analysis; data visualization; parallel computing; time series analysis; spatial data; machine learning; geospatial analysis; statistical modeling; big data,https://openalex.org/domains/3,Physical Sciences,https://openalex.org/fields/17,Computer Science,https://openalex.org/subfields/1702,Artificial Intelligence,252932,676274,https://api.openalex.org/works?filter=topics.id:T13398,2026-06-19T03:01:20,2024-01-23T15:27:18,OpenAlex Topics API,2026-06-19T23:47:35+00:00
T10320,https://openalex.org/T10320,Neural Networks and Applications,"This cluster of papers covers a wide range of topics related to neural networks, including backpropagation learning, self-organizing maps, radial basis function networks, deep learning, and applications such as pattern classification and function approximation.",Neural Networks; Self-Organizing Maps; Backpropagation Learning; Radial Basis Function Networks; Deep Learning; Artificial Neural Networks; Recurrent Neural Networks; Feedforward Neural Networks; Pattern Classification; Function Approximation,https://openalex.org/domains/3,Physical Sciences,https://openalex.org/fields/17,Computer Science,https://openalex.org/subfields/1702,Artificial Intelligence,252045,4441016,https://api.openalex.org/works?filter=topics.id:T10320,2026-06-19T03:01:20,2024-01-23T15:27:06,OpenAlex Topics API,2026-06-19T23:47:35+00:00
T13734,https://openalex.org/T13734,Advanced Computational Techniques and Applications,"This cluster of papers covers a wide range of topics related to artificial intelligence, expert systems, machine learning, control systems, fault diagnosis, ontology, and spatial information. It explores applications such as wavelet analysis, bioenergy, small business strategies, and multidisciplinary design optimization. The papers also delve into topics like language, logic, fluid mechanics, and marine data services.",Expert Systems; Wavelet Analysis; Machine Learning; Ontology; Control Systems; Fault Diagnosis; Semantic Knowledge Base; Spatial Information; Data Integration; Intelligent Systems,https://openalex.org/domains/3,Physical Sciences,https://openalex.org/fields/17,Computer Science,https://openalex.org/subfields/1702,Artificial Intelligence,180035,203074,https://api.openalex.org/works?filter=topics.id:T13734,2026-06-19T03:01:20,2024-01-23T15:27:19,OpenAlex Topics API,2026-06-19T23:47:35+00:00
T10215,https://openalex.org/T10215,Semantic Web and Ontologies,"This cluster of papers focuses on the Semantic Web, ontology development, and related technologies such as Linked Data, RDF, OWL, schema matching, SPARQL, and knowledge representation. It covers topics like data integration, description logics, and the use of ontologies for information retrieval and knowledge management.",Semantic Web; Ontology; Linked Data; RDF; OWL; Schema Matching; SPARQL; Knowledge Representation; Data Integration; Description Logics,https://openalex.org/domains/3,Physical Sciences,https://openalex.org/fields/17,Computer Science,https://openalex.org/subfields/1702,Artificial Intelligence,172140,1497359,https://api.openalex.org/works?filter=topics.id:T10215,2026-06-19T03:01:20,2024-01-23T15:27:05,OpenAlex Topics API,2026-06-19T23:47:35+00:00
T10028,https://openalex.org/T10028,Topic Modeling,"This cluster of papers covers a wide range of advancements in natural language processing, including neural network architectures, word representation models, machine translation techniques, text classification algorithms, semantic similarity measures, named entity recognition methods, pretrained language models, sequence-to-sequence learning approaches, topic modeling strategies, and information retrieval systems.",Neural Networks; Word Representation; Machine Translation; Text Classification; Semantic Similarity; Named Entity Recognition; Pretrained Models; Sequence-to-Sequence Learning; Topic Modeling; Information Retrieval,https://openalex.org/domains/3,Physical Sciences,https://openalex.org/fields/17,Computer Science,https://openalex.org/subfields/1702,Artificial Intelligence,171928,2398065,https://api.openalex.org/works?filter=topics.id:T10028,2026-06-19T03:01:20,2024-01-23T15:27:05,OpenAlex Topics API,2026-06-19T23:47:35+00:00
T13623,https://openalex.org/T13623,Linguistic Studies and Language Acquisition,"This cluster of papers focuses on the compilation, annotation, and analysis of spoken language corpora in Italian and Portuguese, with a particular emphasis on prosody, pragmatics, and information structure. It also delves into linguistic annotation, language teaching, and cross-linguistic analysis.",Spoken Language; Corpora; Italian; Portuguese; Prosody; Pragmatics; Information Structure; Linguistic Annotation; Language Teaching; Cross-linguistic Analysis,https://openalex.org/domains/3,Physical Sciences,https://openalex.org/fields/17,Computer Science,https://openalex.org/subfields/1702,Artificial Intelligence,159424,211183,https://api.openalex.org/works?filter=topics.id:T13623,2026-06-19T03:01:20,2024-01-23T15:27:19,OpenAlex Topics API,2026-06-19T23:47:35+00:00
T10020,https://openalex.org/T10020,Quantum Information and Cryptography,"This cluster of papers covers a wide range of topics in the field of quantum information, including quantum entanglement, cryptography, computation, metrology, superconducting circuits, photon manipulation, measurement, security, and communication. It reflects the ongoing advancements and diverse applications of quantum technologies in various domains.",Quantum; Entanglement; Cryptography; Computation; Metrology; Superconducting Circuits; Photon; Measurement; Security; Communication,https://openalex.org/domains/3,Physical Sciences,https://openalex.org/fields/17,Computer Science,https://openalex.org/subfields/1702,Artificial Intelligence,154436,2559598,https://api.openalex.org/works?filter=topics.id:T10020,2026-06-19T03:01:20,2024-01-23T15:27:04,OpenAlex Topics API,2026-06-19T23:47:35+00:00
T10682,https://openalex.org/T10682,Quantum Computing Algorithms and Architecture,"This cluster of papers represents a wide range of advancements in quantum computing and simulation, covering topics such as fault-tolerant quantum computation, quantum machine learning, adiabatic quantum computation, quantum error correction, and topological quantum memory. The research also delves into quantum algorithms, variational quantum algorithms, and quantum simulation of various systems.",Quantum Computation; Quantum Information; Quantum Algorithms; Fault-tolerant Quantum Computation; Quantum Machine Learning; Quantum Simulation; Variational Quantum Algorithms; Adiabatic Quantum Computation; Quantum Error Correction; Topological Quantum Memory,https://openalex.org/domains/3,Physical Sciences,https://openalex.org/fields/17,Computer Science,https://openalex.org/subfields/1702,Artificial Intelligence,123367,1365320,https://api.openalex.org/works?filter=topics.id:T10682,2026-06-19T03:01:20,2024-01-23T15:27:07,OpenAlex Topics API,2026-06-19T23:47:35+00:00
T10126,https://openalex.org/T10126,"Logic, programming, and type systems","This cluster of papers covers a wide range of program analysis and verification techniques, including static analysis, formal verification, type inference, memory management, concurrency, garbage collection, separation logic, model checking, abstract interpretation, and programming language semantics.",Static Analysis; Formal Verification; Type Inference; Memory Management; Concurrency; Garbage Collection; Separation Logic; Model Checking; Abstract Interpretation; Programming Language Semantics,https://openalex.org/domains/3,Physical Sciences,https://openalex.org/fields/17,Computer Science,https://openalex.org/subfields/1702,Artificial Intelligence,111263,1309822,https://api.openalex.org/works?filter=topics.id:T10126,2026-06-19T03:01:20,2024-01-23T15:27:05,OpenAlex Topics API,2026-06-19T23:47:35+00:00
T10201,https://openalex.org/T10201,Speech Recognition and Synthesis,"This cluster of papers focuses on the advances in speech recognition technology, covering topics such as acoustic modeling using deep neural networks, speaker verification, convolutional neural networks for speech recognition, end-to-end speech recognition systems, hidden Markov models, sequence-to-sequence models, automatic speech recognition, speaker diarization, and statistical language modeling.",Deep Neural Networks; Acoustic Modeling; Speaker Verification; Convolutional Neural Networks; End-to-End Speech Recognition; Hidden Markov Models; Sequence-to-Sequence Models; Automatic Speech Recognition; Speaker Diarization; Statistical Language Modeling,https://openalex.org/domains/3,Physical Sciences,https://openalex.org/fields/17,Computer Science,https://openalex.org/subfields/1702,Artificial Intelligence,97409,997447,https://api.openalex.org/works?filter=topics.id:T10201,2026-06-19T03:01:20,2024-01-23T15:27:05,OpenAlex Topics API,2026-06-19T23:47:35+00:00
T10764,https://openalex.org/T10764,Privacy-Preserving Technologies in Data,"This cluster of papers focuses on privacy-preserving techniques for data analysis and machine learning, including topics such as differential privacy, federated learning, k-anonymity, secure computation, and location privacy. The papers explore methods to protect sensitive information while performing data mining, machine learning, and statistical analysis.",Differential Privacy; Federated Learning; k-Anonymity; Privacy Preservation; Machine Learning; Location Privacy; Data Mining; Anonymization; Secure Computation; Membership Inference Attacks,https://openalex.org/domains/3,Physical Sciences,https://openalex.org/fields/17,Computer Science,https://openalex.org/subfields/1702,Artificial Intelligence,83905,1038094,https://api.openalex.org/works?filter=topics.id:T10764,2026-06-19T03:01:20,2024-01-23T15:27:08,OpenAlex Topics API,2026-06-19T23:47:35+00:00
T10862,https://openalex.org/T10862,AI in cancer detection,"This cluster of papers focuses on the application of deep learning and machine learning techniques in medical image analysis, particularly in the context of histopathology images, digital pathology, and computer-aided detection for breast cancer diagnosis. The use of convolutional neural networks and whole slide imaging is prominent in these studies, aiming to improve accuracy and efficiency in cancer prognosis and prediction.",Deep Learning; Medical Image Analysis; Histopathology Images; Computer-Aided Detection; Convolutional Neural Networks; Digital Pathology; Breast Cancer Diagnosis; Machine Learning; Whole Slide Imaging; Cancer Prognosis,https://openalex.org/domains/3,Physical Sciences,https://openalex.org/fields/17,Computer Science,https://openalex.org/subfields/1702,Artificial Intelligence,83406,939410,https://api.openalex.org/works?filter=topics.id:T10862,2026-06-19T03:01:20,2024-01-23T15:27:08,OpenAlex Topics API,2026-06-19T23:47:35+00:00
T10237,https://openalex.org/T10237,Cryptography and Data Security,"This cluster of papers covers advanced cryptographic schemes and protocols, including homomorphic encryption, identity-based encryption, attribute-based encryption, lattice-based cryptography, secure multi-party computation, searchable encryption, pairing-based cryptography, privacy-preserving computation, zero-knowledge proofs, and trapdoor functions.",Homomorphic Encryption; Identity-Based Encryption; Attribute-Based Encryption; Lattice-based Cryptography; Secure Multi-party Computation; Searchable Encryption; Pairing-based Cryptography; Privacy-Preserving Computation; Zero-Knowledge Proofs; Trapdoor Functions,https://openalex.org/domains/3,Physical Sciences,https://openalex.org/fields/17,Computer Science,https://openalex.org/subfields/1702,Artificial Intelligence,82925,1535740,https://api.openalex.org/works?filter=topics.id:T10237,2026-06-19T03:01:20,2024-01-23T15:27:05,OpenAlex Topics API,2026-06-19T23:47:35+00:00
T13559,https://openalex.org/T13559,Edcuational Technology Systems,"This cluster of papers focuses on the development and application of expert systems, including decision support systems, data mining, artificial intelligence, knowledge management, machine learning, information systems, natural language processing, fuzzy logic, and educational technology.",Expert Systems; Decision Support System; Data Mining; Artificial Intelligence; Knowledge Management; Machine Learning; Information System; Natural Language Processing; Fuzzy Logic; Educational Technology,https://openalex.org/domains/3,Physical Sciences,https://openalex.org/fields/17,Computer Science,https://openalex.org/subfields/1702,Artificial Intelligence,82454,178573,https://api.openalex.org/works?filter=topics.id:T13559,2026-06-19T03:01:20,2024-01-23T15:27:19,OpenAlex Topics API,2026-06-19T23:47:35+00:00
T11512,https://openalex.org/T11512,Anomaly Detection Techniques and Applications,"This cluster of papers focuses on the detection of anomalies in high-dimensional data, particularly in the context of video analysis, surveillance, and time series data. It covers a wide range of techniques including unsupervised learning, outlier detection, deep learning, and novelty detection for identifying abnormal patterns and events.",Anomaly Detection; Unsupervised; Outlier Detection; Deep Learning; High-Dimensional Data; Video Analysis; Neural Networks; Novelty Detection; Surveillance; Time Series,https://openalex.org/domains/3,Physical Sciences,https://openalex.org/fields/17,Computer Science,https://openalex.org/subfields/1702,Artificial Intelligence,76925,863683,https://api.openalex.org/works?filter=topics.id:T11512,2026-06-19T03:01:20,2024-01-23T15:27:10,OpenAlex Topics API,2026-06-19T23:47:35+00:00
T11010,https://openalex.org/T11010,"Logic, Reasoning, and Knowledge","This cluster of papers focuses on the intersection of logic programming, knowledge representation, and reasoning. It encompasses topics such as answer set programming, modal logic, belief revision, temporal logic, epistemic logic, nonmonotonic reasoning, description logics, model checking, and constraint logic programming.",Answer Set Programming; Modal Logic; Knowledge Representation; Belief Revision; Temporal Logic; Epistemic Logic; Nonmonotonic Reasoning; Description Logics; Model Checking; Constraint Logic Programming,https://openalex.org/domains/3,Physical Sciences,https://openalex.org/fields/17,Computer Science,https://openalex.org/subfields/1702,Artificial Intelligence,75884,921157,https://api.openalex.org/works?filter=topics.id:T11010,2026-06-19T03:01:20,2024-01-23T15:27:09,OpenAlex Topics API,2026-06-19T23:47:35+00:00
T11975,https://openalex.org/T11975,Evolutionary Algorithms and Applications,"This cluster of papers focuses on the application of genetic programming in machine learning, particularly in the areas of classification, feature selection, symbolic regression, and evolvable hardware. It explores the use of evolutionary algorithms and learning classifier systems to solve complex problems, with an emphasis on multiobjective optimization and semantic genetic programming.",Genetic Programming; Machine Learning; Classification; Evolutionary Algorithms; Feature Selection; Symbolic Regression; Evolvable Hardware; Learning Classifier Systems; Semantic Genetic Programming; Multiobjective Optimization,https://openalex.org/domains/3,Physical Sciences,https://openalex.org/fields/17,Computer Science,https://openalex.org/subfields/1702,Artificial Intelligence,74024,858947,https://api.openalex.org/works?filter=topics.id:T11975,2026-06-19T03:01:20,2024-01-23T15:27:12,OpenAlex Topics API,2026-06-19T23:47:35+00:00
T11269,https://openalex.org/T11269,Algorithms and Data Compression,"This cluster of papers focuses on the development and optimization of algorithms for compressing and indexing text data, with applications to genomic data, string matching, suffix arrays, and entropy-based compression techniques.",Compression; Suffix Arrays; Text Indexing; Data Structures; String Matching; Genomic Data; Entropy; Hashing; Approximate Matching; Algorithms,https://openalex.org/domains/3,Physical Sciences,https://openalex.org/fields/17,Computer Science,https://openalex.org/subfields/1702,Artificial Intelligence,72720,1012019,https://api.openalex.org/works?filter=topics.id:T11269,2026-06-19T03:01:20,2024-01-23T15:27:10,OpenAlex Topics API,2026-06-19T23:47:35+00:00
T10100,https://openalex.org/T10100,Metaheuristic Optimization Algorithms Research,"This cluster of papers focuses on swarm intelligence optimization algorithms, including Particle Swarm Optimization, Differential Evolution, Ant Colony Optimization, and Firefly Algorithm. These nature-inspired metaheuristic algorithms are used for global optimization and have applications in various fields.",Particle Swarm Optimization; Differential Evolution; Ant Colony Optimization; Firefly Algorithm; Metaheuristics; Nature-Inspired Algorithms; Global Optimization; Evolutionary Algorithms; Constraint Handling; Optimization Applications,https://openalex.org/domains/3,Physical Sciences,https://openalex.org/fields/17,Computer Science,https://openalex.org/subfields/1702,Artificial Intelligence,72651,1984149,https://api.openalex.org/works?filter=topics.id:T10100,2026-06-19T03:01:20,2024-01-23T15:27:05,OpenAlex Topics API,2026-06-19T23:47:35+00:00
T10664,https://openalex.org/T10664,Sentiment Analysis and Opinion Mining,"This cluster of papers focuses on sentiment analysis and opinion mining, particularly in the context of social media and text mining. It covers various techniques such as lexicon-based methods, deep learning, aspect-based sentiment analysis, and machine learning for analyzing emotions and opinions in textual data from platforms like Twitter. The research also delves into emotion recognition and the impact of sentiment analysis on public perception.",Sentiment Analysis; Opinion Mining; Social Media; Text Mining; Emotion Recognition; Deep Learning; Aspect-based Sentiment Analysis; Lexicon-Based Methods; Twitter Sentiment; Machine Learning,https://openalex.org/domains/3,Physical Sciences,https://openalex.org/fields/17,Computer Science,https://openalex.org/subfields/1702,Artificial Intelligence,67298,857762,https://api.openalex.org/works?filter=topics.id:T10664,2026-06-19T03:01:20,2024-01-23T15:27:07,OpenAlex Topics API,2026-06-19T23:47:35+00:00
T11130,https://openalex.org/T11130,Coding theory and cryptography,"This cluster of papers focuses on the intersection of cryptography and error-correcting codes, exploring topics such as algebraic attacks, Reed-Solomon codes, Boolean functions, the McEliece cryptosystem, frequency hopping sequences, and decoding algorithms. The papers delve into the design and analysis of cryptographic functions, code-based cryptography, fast correlation attacks, and constructions of secure communication systems.",Cryptography; Error-Correcting Codes; Algebraic Attacks; Reed-Solomon Codes; Boolean Functions; Linear Feedback; McEliece Cryptosystem; Frequency Hopping Sequences; Decoding Algorithms; Bent Functions,https://openalex.org/domains/3,Physical Sciences,https://openalex.org/fields/17,Computer Science,https://openalex.org/subfields/1702,Artificial Intelligence,66467,663498,https://api.openalex.org/works?filter=topics.id:T11130,2026-06-19T03:01:20,2024-01-23T15:27:09,OpenAlex Topics API,2026-06-19T23:47:35+00:00
T11689,https://openalex.org/T11689,Adversarial Robustness in Machine Learning,"This cluster of papers focuses on the robustness of deep learning models against adversarial attacks, exploring topics such as adversarial examples, security, uncertainty estimation, defenses, and verification. It delves into the challenges and potential solutions for ensuring the resilience of neural networks in the face of malicious inputs.",Adversarial Examples; Deep Learning; Robustness; Neural Networks; Machine Learning; Security; Uncertainty Estimation; Defenses; Attack; Verification,https://openalex.org/domains/3,Physical Sciences,https://openalex.org/fields/17,Computer Science,https://openalex.org/subfields/1702,Artificial Intelligence,63224,551601,https://api.openalex.org/works?filter=topics.id:T11689,2026-06-19T03:01:20,2024-01-23T15:27:11,OpenAlex Topics API,2026-06-19T23:47:35+00:00
T11902,https://openalex.org/T11902,Intelligent Tutoring Systems and Adaptive Learning,"This cluster of papers focuses on the effectiveness and impact of intelligent tutoring systems, exploring topics such as cognitive-affective interaction, meta-cognitive skills, knowledge tracing, student modeling, and adaptive learning environments. It also delves into the use of educational agents, Bayesian networks, and pedagogical strategies to enhance learning outcomes.",Intelligent Tutoring Systems; Affective States; Cognitive-Affective Interaction; Meta-cognitive Skills; Knowledge Tracing; Student Modeling; Adaptive Learning Environments; Educational Agents; Bayesian Networks; Pedagogical Strategies,https://openalex.org/domains/3,Physical Sciences,https://openalex.org/fields/17,Computer Science,https://openalex.org/subfields/1702,Artificial Intelligence,62186,470356,https://api.openalex.org/works?filter=topics.id:T11902,2026-06-19T03:01:20,2024-01-23T15:27:12,OpenAlex Topics API,2026-06-19T23:47:35+00:00
T10639,https://openalex.org/T10639,Advanced Software Engineering Methodologies,"This cluster of papers focuses on autonomic computing, self-adaptive systems, and their related concepts such as software architecture, aspect-oriented programming, requirements engineering, feature models, variability management, middleware, and dynamic software product lines. The papers cover topics like modeling and reasoning support for early-phase requirements engineering, architecture-based self-adaptation, automated analysis of feature models, and the challenges in automotive software engineering.",Autonomic Computing; Self-Adaptive Systems; Software Architecture; Aspect-Oriented Programming; Requirements Engineering; Feature Models; Variability Management; Middleware; Dynamic Software Product Lines; Model-Based Development,https://openalex.org/domains/3,Physical Sciences,https://openalex.org/fields/17,Computer Science,https://openalex.org/subfields/1702,Artificial Intelligence,61666,683689,https://api.openalex.org/works?filter=topics.id:T10639,2026-06-19T03:01:20,2024-01-23T15:27:07,OpenAlex Topics API,2026-06-19T23:47:35+00:00
T12128,https://openalex.org/T12128,AI in Service Interactions,"This cluster of papers explores the impact of artificial intelligence, service robots, and chatbots on the service industry, focusing on customer experience, hospitality, marketing, voice assistants, human-robot interaction, and technology adoption.",Artificial Intelligence; Service Robots; Chatbots; Customer Experience; Hospitality; Marketing; Voice Assistants; Human-Robot Interaction; Consumer Perception; Technology Adoption,https://openalex.org/domains/3,Physical Sciences,https://openalex.org/fields/17,Computer Science,https://openalex.org/subfields/1702,Artificial Intelligence,61629,422944,https://api.openalex.org/works?filter=topics.id:T12128,2026-06-19T03:01:20,2024-01-23T15:27:13,OpenAlex Topics API,2026-06-19T23:47:35+00:00
T10462,https://openalex.org/T10462,Reinforcement Learning in Robotics,"This cluster of papers encompasses a wide range of advancements in reinforcement learning algorithms and their applications, including deep learning, neural networks, robotics, autonomous control, policy gradient methods, multi-agent systems, model-based learning, curiosity-driven exploration, and simulation to real-world transfer.",Reinforcement Learning; Deep Learning; Neural Networks; Robotics; Autonomous Control; Policy Gradient; Multi-Agent Systems; Model-Based Learning; Curiosity-Driven Exploration; Simulation to Real-world Transfer,https://openalex.org/domains/3,Physical Sciences,https://openalex.org/fields/17,Computer Science,https://openalex.org/subfields/1702,Artificial Intelligence,59307,762636,https://api.openalex.org/works?filter=topics.id:T10462,2026-06-19T03:01:20,2024-01-23T15:27:06,OpenAlex Topics API,2026-06-19T23:47:35+00:00
T10456,https://openalex.org/T10456,Multi-Agent Systems and Negotiation,"This cluster of papers focuses on methods and techniques for agent-based modeling, encompassing topics such as multi-agent systems, argumentation frameworks, software engineering, simulation, negotiation, artificial intelligence, dialectical argumentation, formal methods, and social simulation.",Agent-Based Modeling; Multi-Agent Systems; Argumentation Frameworks; Software Engineering; Simulation; Negotiation; Artificial Intelligence; Dialectical Argumentation; Formal Methods; Social Simulation,https://openalex.org/domains/3,Physical Sciences,https://openalex.org/fields/17,Computer Science,https://openalex.org/subfields/1702,Artificial Intelligence,59035,565173,https://api.openalex.org/works?filter=topics.id:T10456,2026-06-19T03:01:20,2024-01-23T15:27:06,OpenAlex Topics API,2026-06-19T23:47:35+00:00
T10711,https://openalex.org/T10711,Target Tracking and Data Fusion in Sensor Networks,"This cluster of papers focuses on particle filtering and nonlinear estimation methods, including Kalman filters, Monte Carlo methods, sensor fusion, sequential Monte Carlo, Gaussian filters, and Bayesian inference. The papers cover a wide range of applications such as state estimation, multitarget tracking, and sensor network management.",Particle Filters; Nonlinear Estimation; Kalman Filters; Monte Carlo Methods; State Estimation; Sensor Fusion; Sequential Monte Carlo; Gaussian Filters; Multitarget Tracking; Bayesian Inference,https://openalex.org/domains/3,Physical Sciences,https://openalex.org/fields/17,Computer Science,https://openalex.org/subfields/1702,Artificial Intelligence,58778,824648,https://api.openalex.org/works?filter=topics.id:T10711,2026-06-19T03:01:20,2024-01-23T15:27:07,OpenAlex Topics API,2026-06-19T23:47:35+00:00
T12031,https://openalex.org/T12031,Speech and dialogue systems,"This cluster of papers focuses on the modeling and optimization of dialogue acts in spoken language systems, utilizing techniques such as Markov decision processes, user simulation, multimodal interaction, reinforcement learning, natural language generation, and the hidden information state model. The research also delves into semantic processing, referring expressions, and the management of dialogues in various contexts.",Spoken Dialogue Systems; Markov Decision Processes; User Simulation; Multimodal Interaction; Reinforcement Learning; Natural Language Generation; Hidden Information State Model; Dialog Management; Semantic Processing; Referring Expressions,https://openalex.org/domains/3,Physical Sciences,https://openalex.org/fields/17,Computer Science,https://openalex.org/subfields/1702,Artificial Intelligence,57847,536390,https://api.openalex.org/works?filter=topics.id:T12031,2026-06-19T03:01:20,2024-01-23T15:27:12,OpenAlex Topics API,2026-06-19T23:47:35+00:00
T13674,https://openalex.org/T13674,Computer Science and Engineering,"This cluster of papers covers topics related to digital image processing, artificial neural networks, and their applications in various fields such as cryptography, machine learning, computer vision, and data security. The use of MATLAB for digital image processing and the application of artificial neural networks for tasks like face recognition and traffic sign recognition are also prominent in this cluster.",Digital Image Processing; Artificial Neural Networks; MATLAB; Cryptography; Machine Learning; Computer Vision; Big Data; Face Recognition; Data Security; Traffic Sign Recognition,https://openalex.org/domains/3,Physical Sciences,https://openalex.org/fields/17,Computer Science,https://openalex.org/subfields/1702,Artificial Intelligence,57723,59336,https://api.openalex.org/works?filter=topics.id:T13674,2026-06-19T03:01:20,2024-01-23T15:27:19,OpenAlex Topics API,2026-06-19T23:47:35+00:00
T10820,https://openalex.org/T10820,Fuzzy Logic and Control Systems,"This cluster of papers focuses on the theory, design, and applications of Type-2 Fuzzy Logic Systems, including Interval Type-2 Fuzzy Logic. It covers topics such as neuro-fuzzy methods, genetic fuzzy systems, system identification, control systems, machine learning, and pattern recognition.",Type-2 Fuzzy Sets; Fuzzy Logic Systems; Neuro-Fuzzy Methods; Interval Type-2 Fuzzy Logic; Genetic Fuzzy Systems; Fuzzy Rule-Based Systems; System Identification; Control Systems; Machine Learning; Pattern Recognition,https://openalex.org/domains/3,Physical Sciences,https://openalex.org/fields/17,Computer Science,https://openalex.org/subfields/1702,Artificial Intelligence,57656,956133,https://api.openalex.org/works?filter=topics.id:T10820,2026-06-19T03:01:20,2024-01-23T15:27:08,OpenAlex Topics API,2026-06-19T23:47:35+00:00
T11273,https://openalex.org/T11273,Advanced Graph Neural Networks,"This cluster of papers focuses on the development, applications, and techniques related to Graph Neural Networks (GNNs) and their variants. It covers topics such as knowledge graph embedding, representation learning, network embedding, deep learning, graph convolutional networks, heterogeneous networks, relational data modeling, signal processing on graphs, and semi-supervised learning.",Graph Neural Networks; Knowledge Graph Embedding; Representation Learning; Network Embedding; Deep Learning; Graph Convolutional Networks; Heterogeneous Networks; Relational Data Modeling; Signal Processing on Graphs; Semi-Supervised Learning,https://openalex.org/domains/3,Physical Sciences,https://openalex.org/fields/17,Computer Science,https://openalex.org/subfields/1702,Artificial Intelligence,57379,553096,https://api.openalex.org/works?filter=topics.id:T11273,2026-06-19T03:01:20,2024-01-23T15:27:10,OpenAlex Topics API,2026-06-19T23:47:35+00:00
T11901,https://openalex.org/T11901,Bayesian Methods and Mixture Models,"This cluster of papers focuses on the application of mixture models, particularly Gaussian finite mixture models and Dirichlet process mixture models, for model-based clustering, discriminant analysis, density estimation, and unsupervised learning. It explores various inference methods such as Bayesian inference, variational inference, and Markov Chain Monte Carlo for estimating parameters in mixture models. The cluster also delves into the challenges of identifiability, variable selection, and dealing with label switching in the context of mixture models.",Mixture Models; Clustering; Bayesian Inference; Dirichlet Process; Gaussian Mixture Models; Variational Inference; Markov Chain Monte Carlo; Finite Mixtures; Hidden Markov Models; Nonparametric Bayesian,https://openalex.org/domains/3,Physical Sciences,https://openalex.org/fields/17,Computer Science,https://openalex.org/subfields/1702,Artificial Intelligence,57346,1065040,https://api.openalex.org/works?filter=topics.id:T11901,2026-06-19T03:01:20,2024-01-23T15:27:12,OpenAlex Topics API,2026-06-19T23:47:35+00:00
T13018,https://openalex.org/T13018,Seismology and Earthquake Studies,"This cluster of papers focuses on the application of machine learning and deep learning techniques to improve the accuracy and timeliness of earthquake early warning systems. It covers topics such as seismic signal classification, real-time seismology, convolutional neural networks for seismic phase picking, and the integration of citizen science in earthquake monitoring.",Machine Learning; Seismic Signals; Earthquake Detection; Early Warning; Convolutional Neural Network; Seismic Event Classification; Real-Time Seismology; Deep Learning Models; Seismic Phase Picking; Citizen Science,https://openalex.org/domains/3,Physical Sciences,https://openalex.org/fields/17,Computer Science,https://openalex.org/subfields/1702,Artificial Intelligence,57282,273145,https://api.openalex.org/works?filter=topics.id:T13018,2026-06-19T03:01:20,2024-01-23T15:27:16,OpenAlex Topics API,2026-06-19T23:47:35+00:00
T11303,https://openalex.org/T11303,Bayesian Modeling and Causal Inference,"This cluster of papers focuses on the learning, inference, and applications of Bayesian networks and related probabilistic graphical models. It covers topics such as causal inference, graphical model structure learning, Markov logic networks, and the use of imprecise probabilities in modeling. The papers also discuss various algorithms for probabilistic learning and highlight the applications of Bayesian networks in diverse fields such as ecology, healthcare, and decision making under uncertainty.",Bayesian Networks; Causal Inference; Graphical Models; Probabilistic Learning; Markov Logic Networks; Inference Algorithms; Causal Discovery; Probabilistic Graphical Models; Structure Learning; Imprecise Probabilities,https://openalex.org/domains/3,Physical Sciences,https://openalex.org/fields/17,Computer Science,https://openalex.org/subfields/1702,Artificial Intelligence,56413,1058421,https://api.openalex.org/works?filter=topics.id:T11303,2026-06-19T03:01:20,2024-01-23T15:27:10,OpenAlex Topics API,2026-06-19T23:47:35+00:00
T11276,https://openalex.org/T11276,Solar Radiation and Photovoltaics,"This cluster of papers focuses on the application of machine learning methods, particularly artificial neural networks, for forecasting solar radiation and photovoltaic power generation. It covers topics such as solar energy integration, grid-connected PV plant performance prediction, solar position algorithms, and GIS-based site selection for solar farms.",Solar Radiation; Forecasting; Machine Learning; Artificial Neural Networks; Renewable Energy; Photovoltaic Power; Solar Energy; Grid Integration; Weather Forecasts; GIS-based Site Selection,https://openalex.org/domains/3,Physical Sciences,https://openalex.org/fields/17,Computer Science,https://openalex.org/subfields/1702,Artificial Intelligence,55724,631454,https://api.openalex.org/works?filter=topics.id:T11276,2026-06-19T03:01:20,2024-01-23T15:27:10,OpenAlex Topics API,2026-06-19T23:47:35+00:00
T10906,https://openalex.org/T10906,AI-based Problem Solving and Planning,"This cluster of papers focuses on artificial intelligence planning and reasoning, covering topics such as planning systems, heuristic search, case-based reasoning, temporal planning, knowledge-based systems, robot control, model-based programming, probabilistic plan recognition, cognitive architecture, and autonomous systems.",Planning Systems; Heuristic Search; Case-Based Reasoning; Temporal Planning; Knowledge-Based Systems; Robot Control; Model-Based Programming; Probabilistic Plan Recognition; Cognitive Architecture; Autonomous Systems,https://openalex.org/domains/3,Physical Sciences,https://openalex.org/fields/17,Computer Science,https://openalex.org/subfields/1702,Artificial Intelligence,54423,612117,https://api.openalex.org/works?filter=topics.id:T10906,2026-06-19T03:01:20,2024-01-23T15:27:08,OpenAlex Topics API,2026-06-19T23:47:35+00:00
T12026,https://openalex.org/T12026,Explainable Artificial Intelligence (XAI),"This cluster of papers focuses on Explainable Artificial Intelligence (XAI) and the development of interpretable models, visual explanations, and responsible machine learning interpretability. It explores concepts, challenges, and opportunities in XAI, including the use of gradient-based localization, understanding deep neural networks, feature importance, and addressing black box models. The papers also discuss the responsibility and ethical considerations in AI.",Interpretable Models; Machine Learning Interpretability; Visual Explanations; XAI Concepts; Model Interpretability; Gradient-Based Localization; Deep Neural Networks; Feature Importance; Black Box Models; Responsibility in AI,https://openalex.org/domains/3,Physical Sciences,https://openalex.org/fields/17,Computer Science,https://openalex.org/subfields/1702,Artificial Intelligence,52726,446599,https://api.openalex.org/works?filter=topics.id:T12026,2026-06-19T03:01:20,2024-01-23T15:27:12,OpenAlex Topics API,2026-06-19T23:47:35+00:00
T11574,https://openalex.org/T11574,Artificial Intelligence in Games,"This cluster of papers focuses on the research and development of artificial intelligence techniques for games, including Monte Carlo Tree Search, procedural content generation, interactive storytelling, player modeling, real-time strategy games, computational creativity, behavior trees, general game playing, and level generation.",Monte Carlo Tree Search; Procedural Content Generation; Interactive Storytelling; Player Modeling; Real-Time Strategy Games; Computational Creativity; Behavior Trees; General Game Playing; Level Generation; Computer Go,https://openalex.org/domains/3,Physical Sciences,https://openalex.org/fields/17,Computer Science,https://openalex.org/subfields/1702,Artificial Intelligence,52142,329232,https://api.openalex.org/works?filter=topics.id:T11574,2026-06-19T03:01:20,2024-01-23T15:27:11,OpenAlex Topics API,2026-06-19T23:47:35+00:00
T11307,https://openalex.org/T11307,Domain Adaptation and Few-Shot Learning,"This cluster of papers focuses on the advances in transfer learning and domain adaptation, including topics such as few-shot learning, unsupervised learning, representation learning, deep networks, meta-learning, visual recognition, semi-supervised learning, and clustering analysis.",Transfer Learning; Domain Adaptation; Few-Shot Learning; Unsupervised Learning; Representation Learning; Deep Networks; Meta-Learning; Visual Recognition; Semi-Supervised Learning; Clustering Analysis,https://openalex.org/domains/3,Physical Sciences,https://openalex.org/fields/17,Computer Science,https://openalex.org/subfields/1702,Artificial Intelligence,47690,1009214,https://api.openalex.org/works?filter=topics.id:T11307,2026-06-19T03:01:20,2024-01-23T15:27:10,OpenAlex Topics API,2026-06-19T23:47:35+00:00
T14064,https://openalex.org/T14064,Organizational and Employee Performance,"This cluster of papers focuses on the application of machine learning, IoT, and digital transformation in smart healthcare, with an emphasis on customer satisfaction, supply chain management, organizational performance, and social media marketing. The research covers topics such as predictive modeling for healthcare outcomes, impact of digital technologies on healthcare services, and leveraging data analytics for improving patient care.",Machine Learning; Smart Cities; Healthcare; IoT; Digital Transformation; Customer Satisfaction; Supply Chain Management; Organizational Performance; Social Media Marketing; Knowledge Management,https://openalex.org/domains/3,Physical Sciences,https://openalex.org/fields/17,Computer Science,https://openalex.org/subfields/1702,Artificial Intelligence,47152,136589,https://api.openalex.org/works?filter=topics.id:T14064,2026-06-19T03:01:20,2024-01-23T15:27:21,OpenAlex Topics API,2026-06-19T23:47:35+00:00
T10951,https://openalex.org/T10951,Cryptographic Implementations and Security,"This cluster of papers focuses on the cryptanalysis of block ciphers and hash functions, including topics such as side-channel attacks, differential cryptanalysis, security analysis of hardware implementations, lightweight ciphers, fault attacks, and authenticated encryption.",Cryptanalysis; Block Ciphers; Hash Functions; Side-Channel Attacks; Differential Cryptanalysis; Security Analysis; Hardware Implementations; Lightweight Ciphers; Fault Attacks; Authenticated Encryption,https://openalex.org/domains/3,Physical Sciences,https://openalex.org/fields/17,Computer Science,https://openalex.org/subfields/1702,Artificial Intelligence,46498,531794,https://api.openalex.org/works?filter=topics.id:T10951,2026-06-19T03:01:20,2024-01-23T15:27:08,OpenAlex Topics API,2026-06-19T23:47:35+00:00
T12260,https://openalex.org/T12260,Educational Technology and Pedagogy,"This cluster of papers explores the application of artificial intelligence, machine learning, and deep learning in various aspects of education, including teaching evaluation, online education platforms, multimedia teaching, and physical education. It also delves into the intersection of artificial intelligence with technology such as Internet of Things, cloud computing, and data mining.",Artificial Intelligence; Teaching Evaluation; Online Education; Deep Learning; Multimedia Teaching; Internet of Things; Data Mining; Machine Learning; Physical Education; Cloud Computing,https://openalex.org/domains/3,Physical Sciences,https://openalex.org/fields/17,Computer Science,https://openalex.org/subfields/1702,Artificial Intelligence,46317,35041,https://api.openalex.org/works?filter=topics.id:T12260,2026-06-19T03:01:20,2024-01-23T15:27:13,OpenAlex Topics API,2026-06-19T23:47:35+00:00
T13083,https://openalex.org/T13083,Advanced Text Analysis Techniques,"This cluster of papers focuses on the automatic extraction of keywords from textual data using various techniques such as graph-based methods, unsupervised approaches, and neural networks. The research explores the application of linguistic knowledge and statistical information to improve the accuracy of keyword extraction from documents.",Automatic; Extraction; Textual Data; Keyword; Linguistic Knowledge; Graph-Based; Unsupervised Approach; Neural Networks; Statistical Information; Document,https://openalex.org/domains/3,Physical Sciences,https://openalex.org/fields/17,Computer Science,https://openalex.org/subfields/1702,Artificial Intelligence,44826,475686,https://api.openalex.org/works?filter=topics.id:T13083,2026-06-19T03:01:20,2024-01-23T15:27:16,OpenAlex Topics API,2026-06-19T23:47:35+00:00
T12262,https://openalex.org/T12262,Hate Speech and Cyberbullying Detection,"This cluster of papers focuses on the automated detection of hate speech, offensive language, and cyberbullying in social media platforms such as Twitter. It explores various techniques including machine learning, natural language processing, and deep learning to identify and categorize abusive content, with a specific emphasis on mitigating online harassment and promoting online safety.",Hate Speech; Detection; Social Media; Cyberbullying; Offensive Language; Machine Learning; Natural Language Processing; Online Harassment; Twitter; Deep Learning,https://openalex.org/domains/3,Physical Sciences,https://openalex.org/fields/17,Computer Science,https://openalex.org/subfields/1702,Artificial Intelligence,44760,289634,https://api.openalex.org/works?filter=topics.id:T12262,2026-06-19T03:01:20,2024-01-23T15:27:13,OpenAlex Topics API,2026-06-19T23:47:35+00:00
T13702,https://openalex.org/T13702,Machine Learning in Healthcare,"This cluster of papers focuses on the application of deep learning techniques in healthcare, particularly in the analysis of electronic health records (EHR). The papers cover a wide range of topics including predictive modeling, patient similarity, disease risk prediction, medical concept embedding, and temporal data analysis. The goal is to leverage deep learning to improve healthcare decision-making and enable precision medicine.",Deep Learning; Healthcare; Electronic Health Records; Predictive Modeling; Patient Similarity; Clinical Event Prediction; Disease Risk Prediction; Medical Concept Embedding; Temporal Data Analysis; Precision Medicine,https://openalex.org/domains/3,Physical Sciences,https://openalex.org/fields/17,Computer Science,https://openalex.org/subfields/1702,Artificial Intelligence,43609,330572,https://api.openalex.org/works?filter=topics.id:T13702,2026-06-19T03:01:20,2024-01-23T15:27:19,OpenAlex Topics API,2026-06-19T23:47:35+00:00
T11424,https://openalex.org/T11424,Security and Verification in Computing,"This cluster of papers focuses on language-based information flow security, addressing topics such as enforceable security policies, control-flow integrity, side-channel attacks, dynamic taint analysis, and trusted execution environments. It also explores techniques for memory protection, virtualization, software diversity, and hardware security.",Security Policies; Side-Channel Attacks; Control-Flow Integrity; Memory Protection; Virtualization; Cache Attacks; Dynamic Taint Analysis; Trusted Execution Environment; Software Diversity; Hardware Security,https://openalex.org/domains/3,Physical Sciences,https://openalex.org/fields/17,Computer Science,https://openalex.org/subfields/1702,Artificial Intelligence,42551,457361,https://api.openalex.org/works?filter=topics.id:T11424,2026-06-19T03:01:20,2024-01-23T15:27:10,OpenAlex Topics API,2026-06-19T23:47:35+00:00
T12535,https://openalex.org/T12535,Machine Learning and Data Classification,"This cluster of papers focuses on the challenges and techniques for learning with noisy labels in machine learning, including methods for hyperparameter optimization, instance selection, robust learning, and automated machine learning. It also explores the use of meta-learning and deep neural networks in handling noisy label problems, particularly in the context of classification tasks and learning from positive and unlabeled data.",Noisy Labels; Hyperparameter Optimization; Instance Selection; Robust Learning; Automated Machine Learning; Meta-Learning; Deep Neural Networks; Classification; Positive and Unlabeled Data; Loss Correction,https://openalex.org/domains/3,Physical Sciences,https://openalex.org/fields/17,Computer Science,https://openalex.org/subfields/1702,Artificial Intelligence,40897,699779,https://api.openalex.org/works?filter=topics.id:T12535,2026-06-19T03:01:20,2024-01-23T15:27:14,OpenAlex Topics API,2026-06-19T23:47:35+00:00
T11598,https://openalex.org/T11598,Internet Traffic Analysis and Secure E-voting,"This cluster of papers focuses on the application of machine learning and deep learning techniques for the classification and analysis of internet traffic, including encrypted traffic, network behavior, and IoT device identification. It also covers topics related to anonymity, traffic analysis, and electronic voting.",Machine Learning; Internet Traffic; Classification; Deep Learning; Encrypted Traffic; Network; Anonymity; IoT Devices; Traffic Analysis; E-Voting,https://openalex.org/domains/3,Physical Sciences,https://openalex.org/fields/17,Computer Science,https://openalex.org/subfields/1702,Artificial Intelligence,39899,371959,https://api.openalex.org/works?filter=topics.id:T11598,2026-06-19T03:01:20,2024-01-23T15:27:11,OpenAlex Topics API,2026-06-19T23:47:35+00:00
T12805,https://openalex.org/T12805,Cognitive Science and Mapping,"This cluster of papers focuses on the application of Fuzzy Cognitive Maps (FCMs) in modeling complex systems, decision support, and knowledge representation. It explores various learning algorithms for FCMs, their use in scenario development for social-ecological systems, prediction in healthcare decision making, and their role in multi-criteria analysis.",Fuzzy Cognitive Maps; Modeling; Decision Support; Knowledge Representation; Learning Algorithms; Scenario Development; Social-Ecological Systems; Prediction; Healthcare Decision Making; Multi-Criteria Analysis,https://openalex.org/domains/3,Physical Sciences,https://openalex.org/fields/17,Computer Science,https://openalex.org/subfields/1702,Artificial Intelligence,38863,737790,https://api.openalex.org/works?filter=topics.id:T12805,2026-06-19T03:01:20,2024-01-23T15:27:15,OpenAlex Topics API,2026-06-19T23:47:35+00:00
T14381,https://openalex.org/T14381,"Psychiatry, Mental Health, Neuroscience","This cluster of papers explores the intersection of neuroscience, symbolic information processing, and automation in robotics. It delves into topics such as neuro-symbolic networks, cognitive architecture, artificial general intelligence, perception, decision making, psychoanalytic models, and emotions in the context of building automation and robotics.",Neuro-Symbolic Networks; Automation; Robotics; Cognitive Architecture; Artificial General Intelligence; Perception; Decision Making; Psychoanalytic Models; Emotions; Building Automation,https://openalex.org/domains/3,Physical Sciences,https://openalex.org/fields/17,Computer Science,https://openalex.org/subfields/1702,Artificial Intelligence,38832,18856,https://api.openalex.org/works?filter=topics.id:T14381,2026-06-19T03:01:20,2024-01-23T15:27:22,OpenAlex Topics API,2026-06-19T23:47:35+00:00
T10637,https://openalex.org/T10637,Advanced Clustering Algorithms Research,"This cluster of papers encompasses advancements in data clustering techniques and algorithms, covering topics such as K-means, cluster validation, high-dimensional data clustering, density-based clustering, semi-supervised clustering, document clustering, fuzzy clustering, evolutionary algorithms for clustering, and stream data clustering.",Clustering Algorithms; K-means; Cluster Validation; High-dimensional Data; Density-based Clustering; Semi-supervised Clustering; Document Clustering; Fuzzy Clustering; Evolutionary Algorithms; Stream Data Clustering,https://openalex.org/domains/3,Physical Sciences,https://openalex.org/fields/17,Computer Science,https://openalex.org/subfields/1702,Artificial Intelligence,38377,655421,https://api.openalex.org/works?filter=topics.id:T10637,2026-06-19T03:01:20,2024-01-23T15:27:07,OpenAlex Topics API,2026-06-19T23:47:35+00:00
T11652,https://openalex.org/T11652,Imbalanced Data Classification Techniques,"This cluster of papers focuses on the challenges and techniques for handling imbalanced data in classification problems. It covers methods such as SMOTE, ROC analysis, cost-sensitive learning, ensemble methods, and their applications in fraud detection. The cluster also discusses the use of precision-recall and boosting algorithms, as well as the effectiveness of random forest in addressing imbalanced datasets.",Imbalanced Data; Classification; SMOTE; ROC Analysis; Cost-Sensitive Learning; Ensemble Methods; Fraud Detection; Precision-Recall; Boosting; Random Forest,https://openalex.org/domains/3,Physical Sciences,https://openalex.org/fields/17,Computer Science,https://openalex.org/subfields/1702,Artificial Intelligence,38111,591346,https://api.openalex.org/works?filter=topics.id:T11652,2026-06-19T03:01:20,2024-01-23T15:27:11,OpenAlex Topics API,2026-06-19T23:47:35+00:00
T12072,https://openalex.org/T12072,Machine Learning and Algorithms,"This cluster of papers revolves around the topic of active learning in machine learning research. It covers various aspects such as semi-supervised learning, deep learning, Gaussian processes, image classification, text categorization, batch mode active learning, statistical guarantees, and human-in-the-loop approaches.",Active Learning; Machine Learning; Semi-supervised Learning; Deep Learning; Gaussian Processes; Image Classification; Text Categorization; Batch Mode; Statistical Guarantees; Human-in-the-loop,https://openalex.org/domains/3,Physical Sciences,https://openalex.org/fields/17,Computer Science,https://openalex.org/subfields/1702,Artificial Intelligence,36118,662701,https://api.openalex.org/works?filter=topics.id:T12072,2026-06-19T03:01:20,2024-01-23T15:27:12,OpenAlex Topics API,2026-06-19T23:47:35+00:00
T11550,https://openalex.org/T11550,Text and Document Classification Technologies,"This cluster of papers focuses on the application of machine learning algorithms for multi-label text classification, with an emphasis on techniques such as feature selection, Naive Bayes classifier, K-nearest Neighbor (KNN), hierarchical classification, and support vector machines (SVM). The research covers various aspects of document categorization and information retrieval in the context of text mining and natural language processing.",Multi-label Learning; Text Classification; Feature Selection; Naive Bayes Classifier; K-nearest Neighbor (KNN); Hierarchical Classification; Machine Learning Algorithms; Document Categorization; Support Vector Machines (SVM); Information Retrieval,https://openalex.org/domains/3,Physical Sciences,https://openalex.org/fields/17,Computer Science,https://openalex.org/subfields/1702,Artificial Intelligence,36035,454084,https://api.openalex.org/works?filter=topics.id:T11550,2026-06-19T03:01:20,2024-01-23T15:27:11,OpenAlex Topics API,2026-06-19T23:47:35+00:00
T12611,https://openalex.org/T12611,Neural Networks and Reservoir Computing,"This cluster of papers focuses on the application of photonic reservoir computing for neural computation, machine learning, and information processing. It explores the use of semiconductor lasers, neuromorphic photonics, and optical neural networks, as well as the implementation of echo state networks and nonlinear dynamics in photonic systems.",Photonic Reservoir Computing; Neuromorphic Photonics; Optical Neural Networks; Machine Learning; Semiconductor Lasers; Echo State Networks; Nonlinear Dynamics; Optoelectronic Reservoir Computing; Diffractive Optical Neural Networks; Neural Network Training,https://openalex.org/domains/3,Physical Sciences,https://openalex.org/fields/17,Computer Science,https://openalex.org/subfields/1702,Artificial Intelligence,35901,293255,https://api.openalex.org/works?filter=topics.id:T12611,2026-06-19T03:01:20,2024-01-23T15:27:15,OpenAlex Topics API,2026-06-19T23:47:35+00:00
T13851,https://openalex.org/T13851,"Law, AI, and Intellectual Property","This cluster of papers explores the intersection of cyberbiosecurity, artificial intelligence, and legal implications, focusing on regulatory challenges, ethical issues, and innovation policy. It discusses the emerging discipline of cyberbiosecurity to safeguard the bioeconomy, the impact of AI technology on patent law, and the digitalization of legal fields. The papers also address copyright protection for AI-generated works and the role of technology in biological disaster management.",Cyberbiosecurity; Artificial Intelligence; Legal Implications; Biological Engineering; Patent Law; Digitalization; Copyright; Regulatory Challenges; Ethical Issues; Innovation Policy,https://openalex.org/domains/3,Physical Sciences,https://openalex.org/fields/17,Computer Science,https://openalex.org/subfields/1702,Artificial Intelligence,34165,61529,https://api.openalex.org/works?filter=topics.id:T13851,2026-06-19T03:01:20,2024-01-23T15:27:20,OpenAlex Topics API,2026-06-19T23:47:35+00:00
T11612,https://openalex.org/T11612,Stochastic Gradient Optimization Techniques,"This cluster of papers focuses on the application of optimization methods in machine learning, particularly in the context of stochastic gradient descent, random projections, deep learning, convex optimization, matrix decompositions, and large-scale optimization. The papers explore various algorithms and techniques for improving the efficiency and effectiveness of machine learning models, with a specific emphasis on neural networks and generalization.",Stochastic Gradient Descent; Random Projections; Deep Learning; Convex Optimization; Matrix Decompositions; Approximation Algorithms; Large-Scale Optimization; Neural Networks; Coordinate Descent; Generalization,https://openalex.org/domains/3,Physical Sciences,https://openalex.org/fields/17,Computer Science,https://openalex.org/subfields/1702,Artificial Intelligence,28477,355927,https://api.openalex.org/works?filter=topics.id:T11612,2026-06-19T03:01:20,2024-01-23T15:27:11,OpenAlex Topics API,2026-06-19T23:47:35+00:00
T13898,https://openalex.org/T13898,Diverse Interdisciplinary Research Studies,"This cluster of papers covers a wide range of topics related to cybernetics, information theory, risk management, identity security, statistical stability, logic and probabilistic models, artificial intelligence, digitalization, complex analysis, and the role of social institutions in the modern era.",Cybernetics; Information Theory; Risk Management; Identity Security; Statistical Stability; Logic and Probabilistic Models; Artificial Intelligence; Digitalization; Complex Analysis; Social Institutions,https://openalex.org/domains/3,Physical Sciences,https://openalex.org/fields/17,Computer Science,https://openalex.org/subfields/1702,Artificial Intelligence,28368,19540,https://api.openalex.org/works?filter=topics.id:T13898,2026-06-19T03:01:20,2024-01-23T15:27:20,OpenAlex Topics API,2026-06-19T23:47:35+00:00
T12380,https://openalex.org/T12380,Authorship Attribution and Profiling,"This cluster of papers focuses on authorship attribution, stylometry, and user profiling in text, utilizing techniques such as text classification, machine learning, and forensic linguistics to analyze gender differences and language use in social media. The research aims to identify authors of anonymous texts, predict demographic attributes from online content, and study the linguistic uniqueness of individuals across different genres and languages.",Authorship Attribution; Stylometry; Text Classification; User Profiling; Gender Differences; Language Use; Social Media Analysis; Machine Learning; Forensic Linguistics; Author Identification,https://openalex.org/domains/3,Physical Sciences,https://openalex.org/fields/17,Computer Science,https://openalex.org/subfields/1702,Artificial Intelligence,27553,128933,https://api.openalex.org/works?filter=topics.id:T12380,2026-06-19T03:01:20,2024-01-23T15:27:14,OpenAlex Topics API,2026-06-19T23:47:35+00:00
T14351,https://openalex.org/T14351,Statistical and Computational Modeling,"This cluster of papers focuses on the application of inductive modeling techniques, particularly GMDH-type neural networks and interval models, in various scientific research domains. The papers cover topics such as environmental monitoring, modeling and prediction of complex processes, application of machine learning algorithms, and the use of self-organization techniques. The overarching theme revolves around the utilization of advanced computational methods for sustainable development and scientific analysis.",Inductive Modeling; GMDH-type Neural Networks; Interval Models; Environmental Monitoring; Artificial Bee Colony Algorithm; Machine Learning; Data Mining; Modeling and Prediction; Self-Organization Techniques; Sustainable Development,https://openalex.org/domains/3,Physical Sciences,https://openalex.org/fields/17,Computer Science,https://openalex.org/subfields/1702,Artificial Intelligence,26879,169574,https://api.openalex.org/works?filter=topics.id:T14351,2026-06-19T03:01:20,2024-01-23T15:27:22,OpenAlex Topics API,2026-06-19T23:47:35+00:00
T12814,https://openalex.org/T12814,Gaussian Processes and Bayesian Inference,"This cluster of papers focuses on the application of Gaussian Processes in machine learning, covering topics such as variational inference, sparse regression, Bayesian inference, deep learning, and probabilistic models. It also explores the use of Gaussian Processes for nonparametric methods, time series modelling, and handling big data.",Gaussian Processes; Machine Learning; Variational Inference; Sparse Regression; Bayesian Inference; Deep Learning; Probabilistic Models; Nonparametric Methods; Time Series Modelling; Big Data,https://openalex.org/domains/3,Physical Sciences,https://openalex.org/fields/17,Computer Science,https://openalex.org/subfields/1702,Artificial Intelligence,24324,371821,https://api.openalex.org/works?filter=topics.id:T12814,2026-06-19T03:01:20,2024-01-23T15:27:15,OpenAlex Topics API,2026-06-19T23:47:35+00:00
T13904,https://openalex.org/T13904,Artificial Intelligence Applications,"This cluster of papers covers a wide range of topics related to artificial intelligence, technology innovation, and their impact on various domains such as business, healthcare, education, and social governance. It includes discussions on neural networks, deep learning, machine learning, digital transformation, data mining, robotics, and the internet of things.",Artificial Intelligence; Neural Networks; Deep Learning; Machine Learning; Technology Innovation; Digital Transformation; Business Models; Data Mining; Internet of Things; Robotics,https://openalex.org/domains/3,Physical Sciences,https://openalex.org/fields/17,Computer Science,https://openalex.org/subfields/1702,Artificial Intelligence,23332,38740,https://api.openalex.org/works?filter=topics.id:T13904,2026-06-19T03:01:20,2024-01-23T15:27:20,OpenAlex Topics API,2026-06-19T23:47:35+00:00
T12761,https://openalex.org/T12761,Data Stream Mining Techniques,"This cluster of papers focuses on the adaptation to concept drift in data streams, particularly in the context of ensemble learning, adaptive algorithms, and online learning. It addresses challenges such as change detection, class imbalance, and incremental learning in streaming data environments.",Concept Drift; Data Streams; Ensemble Learning; Adaptive Algorithms; Online Learning; Change Detection; Class Imbalance; Streaming Data; Incremental Learning; Ensemble Classifiers,https://openalex.org/domains/3,Physical Sciences,https://openalex.org/fields/17,Computer Science,https://openalex.org/subfields/1702,Artificial Intelligence,20660,271067,https://api.openalex.org/works?filter=topics.id:T12761,2026-06-19T03:01:20,2024-01-23T15:27:15,OpenAlex Topics API,2026-06-19T23:47:35+00:00
T13629,https://openalex.org/T13629,Text Readability and Simplification,"This cluster of papers focuses on automatic text simplification and readability assessment using machine learning, statistical language models, neural networks, and natural language processing techniques. The research covers areas such as sentence simplification, lexical simplification, complex word identification, and semantic simplification to improve the accessibility and comprehension of written text.",Text Simplification; Readability Assessment; Machine Learning; Sentence Simplification; Statistical Language Models; Neural Networks; Lexical Simplification; Natural Language Processing; Complex Word Identification; Semantic Simplification,https://openalex.org/domains/3,Physical Sciences,https://openalex.org/fields/17,Computer Science,https://openalex.org/subfields/1702,Artificial Intelligence,20568,137221,https://api.openalex.org/works?filter=topics.id:T13629,2026-06-19T03:01:20,2024-01-23T15:27:19,OpenAlex Topics API,2026-06-19T23:47:35+00:00
T12131,https://openalex.org/T12131,Wireless Signal Modulation Classification,"This cluster of papers focuses on the application of deep learning techniques for wireless signal classification, including modulation classification, channel estimation, RF fingerprinting, and spectrum monitoring in cognitive radios. The papers explore the opportunities and challenges of using deep learning in wireless communications and physical layer signal processing.",Deep Learning; Wireless Communications; Modulation Classification; Channel Estimation; RF Fingerprinting; Cognitive Radios; Automatic Recognition; Physical Layer; Massive MIMO; Spectrum Monitoring,https://openalex.org/domains/3,Physical Sciences,https://openalex.org/fields/17,Computer Science,https://openalex.org/subfields/1702,Artificial Intelligence,19853,167487,https://api.openalex.org/works?filter=topics.id:T12131,2026-06-19T03:01:20,2024-01-23T15:27:13,OpenAlex Topics API,2026-06-19T23:47:35+00:00
T13062,https://openalex.org/T13062,Cognitive Computing and Networks,"This cluster of papers explores the theoretical framework of cognitive informatics, computational intelligence, and related fields. It covers topics such as semantic link networks, neural informatics, denotational mathematics, brain-inspired systems, cognitive computing, semantic analysis, knowledge representation, and the impact on the cyber-physical society.",Cognitive Informatics; Semantic Link Network; Computational Intelligence; Neural Informatics; Denotational Mathematics; Brain-Inspired Systems; Cognitive Computing; Semantic Analysis; Knowledge Representation; Cyber-Physical Society,https://openalex.org/domains/3,Physical Sciences,https://openalex.org/fields/17,Computer Science,https://openalex.org/subfields/1702,Artificial Intelligence,18834,127978,https://api.openalex.org/works?filter=topics.id:T13062,2026-06-19T03:01:20,2024-01-23T15:27:16,OpenAlex Topics API,2026-06-19T23:47:35+00:00
T12676,https://openalex.org/T12676,Machine Learning and ELM,"This cluster of papers focuses on the theory, applications, and advancements in Extreme Learning Machines (ELM), a machine learning framework based on feedforward neural networks with random hidden nodes. The papers cover topics such as incremental learning, classification, regression, ensemble methods, kernel-based models, and their applications in various domains.",Extreme Learning Machine; Feedforward Networks; Incremental Learning; Random Hidden Nodes; Classification; Regression; Neural Networks; Online Sequential Learning; Ensemble Learning; Kernel Methods,https://openalex.org/domains/3,Physical Sciences,https://openalex.org/fields/17,Computer Science,https://openalex.org/subfields/1702,Artificial Intelligence,16960,265532,https://api.openalex.org/works?filter=topics.id:T12676,2026-06-19T03:01:20,2024-01-23T15:27:15,OpenAlex Topics API,2026-06-19T23:47:35+00:00
T14413,https://openalex.org/T14413,Advanced Technologies in Various Fields,"This cluster of papers focuses on the development and application of knowledge base graph embedding techniques for visual question answering models. It explores methods such as multi-scale relational networks, semantic representation, and deep learning for tasks including image classification, endoscope image mosaic, and haze prediction. The research also delves into spatial statistics and semantic reasoning to improve visual reasoning and feature extraction in the context of visual question answering.",Graph Embedding; Visual Question Answering; Semantic Representation; Multi-Scale Relational Network; Deep Learning; Image Classification; Convolutional Neural Network; Semantic Reasoning; Endoscope Imaging; Spatial Statistics,https://openalex.org/domains/3,Physical Sciences,https://openalex.org/fields/17,Computer Science,https://openalex.org/subfields/1702,Artificial Intelligence,16055,29845,https://api.openalex.org/works?filter=topics.id:T14413,2026-06-19T03:01:20,2024-01-23T15:27:22,OpenAlex Topics API,2026-06-19T23:47:35+00:00
T13935,https://openalex.org/T13935,Mathematical Control Systems and Analysis,"This cluster of papers focuses on the application of fuzzy computing, intelligent systems, and soft computing techniques in various domains such as decision support systems, reconfigurable computing, green computing, IoT, and safety-critical systems. It also explores the use of artificial neural networks and machine learning in these contexts.",Fuzzy Computing; Intelligent Systems; Soft Computing; Decision Support Systems; Artificial Neural Networks; Reconfigurable Computing; Green Computing; Internet of Things (IoT); Safety-Critical Systems; Machine Learning,https://openalex.org/domains/3,Physical Sciences,https://openalex.org/fields/17,Computer Science,https://openalex.org/subfields/1702,Artificial Intelligence,16031,69935,https://api.openalex.org/works?filter=topics.id:T13935,2026-06-19T03:01:20,2024-01-23T15:27:20,OpenAlex Topics API,2026-06-19T23:47:35+00:00
T14175,https://openalex.org/T14175,Intuitionistic Fuzzy Systems Applications,"This cluster of papers focuses on enhancing e-learning effectiveness through the use of intelligent agent-supported personalized virtual learning environments. It explores the application of advanced analytics such as InterCriteria Analysis, Genetic Algorithms, and Fuzzy Logic in the context of cyber-physical systems and big data. The research also delves into the integration of multi-agent systems and the development of software tools for educational technology.",Intelligent Agent; E-Learning; InterCriteria Analysis; Fuzzy Logic; Genetic Algorithm; Cyber-Physical Systems; Big Data; Virtual Learning Environment; Multi-Agent System; Educational Technology,https://openalex.org/domains/3,Physical Sciences,https://openalex.org/fields/17,Computer Science,https://openalex.org/subfields/1702,Artificial Intelligence,10306,37762,https://api.openalex.org/works?filter=topics.id:T14175,2026-06-19T03:01:20,2024-01-23T15:27:21,OpenAlex Topics API,2026-06-19T23:47:35+00:00
T13567,https://openalex.org/T13567,AI and Multimedia in Education,"This cluster of papers focuses on the optimization of big data processing and analysis, covering topics such as big data scheduling, fractal encoding, visual tracking, wireless sensor networks, machine learning, internet of things, image compression, artificial intelligence, data mining, and parallel computing.",Big Data Scheduling; Fractal Encoding; Visual Tracking; Wireless Sensor Network; Machine Learning; Internet of Things; Image Compression; Artificial Intelligence; Data Mining; Parallel Computing,https://openalex.org/domains/3,Physical Sciences,https://openalex.org/fields/17,Computer Science,https://openalex.org/subfields/1702,Artificial Intelligence,4766,7636,https://api.openalex.org/works?filter=topics.id:T13567,2026-06-19T03:01:20,2024-01-23T15:27:19,OpenAlex Topics API,2026-06-19T23:47:35+00:00
T13514,https://openalex.org/T13514,Experience-Based Knowledge Management,"This cluster of papers focuses on experience-based knowledge representation and management, including the development of Decisional DNA and Set of Experience Knowledge Structure within ontology systems. It also explores the application of these structures in renewable energy sources, international standards, Internet of Things, cognitive vision systems, and environmental management.",Decisional DNA; Set of Experience Knowledge Structure; Ontology System; Renewable Energy Sources; International Standards; Internet of Things; Cognitive Vision Systems; Information Technology; Semantic-based Academic Social Network; Environmental Management,https://openalex.org/domains/3,Physical Sciences,https://openalex.org/fields/17,Computer Science,https://openalex.org/subfields/1702,Artificial Intelligence,2816,6905,https://api.openalex.org/works?filter=topics.id:T13514,2026-06-18T03:01:14,2024-01-23T15:27:18,OpenAlex Topics API,2026-06-19T23:47:35+00:00
