null_spearman,observed_spearman,upper_tail_p
0.5626212513883746,0.5173343206219918,0.987012987012987
0.5528470936690114,0.5173343206219918,0.987012987012987
0.5484042947056644,0.5173343206219918,0.987012987012987
0.5597186227323212,0.5173343206219918,0.987012987012987
0.5801851166234727,0.5173343206219918,0.987012987012987
0.5904331728989263,0.5173343206219918,0.987012987012987
0.5515142539800073,0.5173343206219918,0.987012987012987
0.5654054054054053,0.5173343206219918,0.987012987012987
0.59748241392077,0.5173343206219918,0.987012987012987
0.5750018511662346,0.5173343206219918,0.987012987012987
0.5939281747500924,0.5173343206219918,0.987012987012987
0.5774305812661976,0.5173343206219918,0.987012987012987
0.5346908552388003,0.5173343206219918,0.987012987012987
0.553380229544613,0.5173343206219918,0.987012987012987
0.5738763420955201,0.5173343206219918,0.987012987012987
0.5798593113661605,0.5173343206219918,0.987012987012987
0.5977489818585707,0.5173343206219918,0.987012987012987
0.5431617919289151,0.5173343206219918,0.987012987012987
0.5869974083672712,0.5173343206219918,0.987012987012987
0.5747945205479451,0.5173343206219918,0.987012987012987
0.5692262125138836,0.5173343206219918,0.987012987012987
0.5661754905590521,0.5173343206219918,0.987012987012987
0.5780821917808219,0.5173343206219918,0.987012987012987
0.5750018511662346,0.5173343206219918,0.987012987012987
0.5431321732691595,0.5173343206219918,0.987012987012987
0.5761569788967048,0.5173343206219918,0.987012987012987
0.5432802665679377,0.5173343206219918,0.987012987012987
0.5696112550907071,0.5173343206219918,0.987012987012987
0.6032580525731209,0.5173343206219918,0.987012987012987
0.5922991484635319,0.5173343206219918,0.987012987012987
0.5700555349870418,0.5173343206219918,0.987012987012987
0.5496778970751572,0.5173343206219918,0.987012987012987
0.588034061458719,0.5173343206219918,0.987012987012987
0.6068122917437985,0.5173343206219918,0.987012987012987
0.5765716401332839,0.5173343206219918,0.987012987012987
0.5894261384672342,0.5173343206219918,0.987012987012987
0.5629766753054423,0.5173343206219918,0.987012987012987
0.5818733802295446,0.5173343206219918,0.987012987012987
0.5737282487967418,0.5173343206219918,0.987012987012987
0.5770455386893742,0.5173343206219918,0.987012987012987
0.5983117363939281,0.5173343206219918,0.987012987012987
0.5854868567197332,0.5173343206219918,0.987012987012987
0.5765124028137726,0.5173343206219918,0.987012987012987
0.5622658274713068,0.5173343206219918,0.987012987012987
0.5680710847834134,0.5173343206219918,0.987012987012987
0.5685449833395038,0.5173343206219918,0.987012987012987
0.530188818955942,0.5173343206219918,0.987012987012987
0.5319363198815252,0.5173343206219918,0.987012987012987
0.5973343206219918,0.5173343206219918,0.987012987012987
0.5775786745649758,0.5173343206219918,0.987012987012987
0.5388670862643464,0.5173343206219918,0.987012987012987
0.586612365790448,0.5173343206219918,0.987012987012987
0.5518400592373194,0.5173343206219918,0.987012987012987
0.568870788596816,0.5173343206219918,0.987012987012987
0.5788818955942242,0.5173343206219918,0.987012987012987
0.5423620881155127,0.5173343206219918,0.987012987012987
0.5937800814513142,0.5173343206219918,0.987012987012987
0.5894557571269898,0.5173343206219918,0.987012987012987
0.5639540910773786,0.5173343206219918,0.987012987012987
0.5550684931506848,0.5173343206219918,0.987012987012987
0.5779637171417993,0.5173343206219918,0.987012987012987
0.5852795261014437,0.5173343206219918,0.987012987012987
0.5863161791928915,0.5173343206219918,0.987012987012987
0.585012958163643,0.5173343206219918,0.987012987012987
0.5539133654202146,0.5173343206219918,0.987012987012987
0.548611625323954,0.5173343206219918,0.987012987012987
0.5653165494261383,0.5173343206219918,0.987012987012987
0.5534098482043687,0.5173343206219918,0.987012987012987
0.6044131803035911,0.5173343206219918,0.987012987012987
0.5915586819696408,0.5173343206219918,0.987012987012987
0.5847167715660865,0.5173343206219918,0.987012987012987
0.5811032950758976,0.5173343206219918,0.987012987012987
0.5807182524990743,0.5173343206219918,0.987012987012987
0.5605183265457236,0.5173343206219918,0.987012987012987
0.5617030729359495,0.5173343206219918,0.987012987012987
0.548611625323954,0.5173343206219918,0.987012987012987
0.5914105886708626,0.5173343206219918,0.987012987012987
0.5766604961125508,0.5173343206219918,0.987012987012987
0.572958163643095,0.5173343206219918,0.987012987012987
0.535223991114402,0.5173343206219918,0.987012987012987
0.605686782673084,0.5173343206219918,0.987012987012987
0.595468345057386,0.5173343206219918,0.987012987012987
0.5840947797112179,0.5173343206219918,0.987012987012987
0.5389559422436133,0.5173343206219918,0.987012987012987
0.5615253609774156,0.5173343206219918,0.987012987012987
0.5704701962236207,0.5173343206219918,0.987012987012987
0.5082117734172528,0.5173343206219918,0.987012987012987
0.5737874861162531,0.5173343206219918,0.987012987012987
0.608944835246205,0.5173343206219918,0.987012987012987
0.5222806368011846,0.5173343206219918,0.987012987012987
0.5447019622362087,0.5173343206219918,0.987012987012987
0.5638059977786004,0.5173343206219918,0.987012987012987
0.532795261014439,0.5173343206219918,0.987012987012987
0.5623546834505738,0.5173343206219918,0.987012987012987
0.6077304701962235,0.5173343206219918,0.987012987012987
0.5883894853757866,0.5173343206219918,0.987012987012987
0.5843021103295074,0.5173343206219918,0.987012987012987
0.5490559052202887,0.5173343206219918,0.987012987012987
0.5825249907441687,0.5173343206219918,0.987012987012987
0.6031395779340982,0.5173343206219918,0.987012987012987
0.5806590151795631,0.5173343206219918,0.987012987012987
0.5532913735653461,0.5173343206219918,0.987012987012987
0.5405257312106626,0.5173343206219918,0.987012987012987
0.594727878563495,0.5173343206219918,0.987012987012987
0.5957645316549425,0.5173343206219918,0.987012987012987
0.5842132543502406,0.5173343206219918,0.987012987012987
0.5500925583117363,0.5173343206219918,0.987012987012987
0.5787338022954461,0.5173343206219918,0.987012987012987
0.6042947056645686,0.5173343206219918,0.987012987012987
0.5747352832284337,0.5173343206219918,0.987012987012987
0.6292039985190668,0.5173343206219918,0.987012987012987
0.5583857830433172,0.5173343206219918,0.987012987012987
0.5560755275823768,0.5173343206219918,0.987012987012987
0.5897519437245463,0.5173343206219918,0.987012987012987
0.6015994076268047,0.5173343206219918,0.987012987012987
0.5599851906701221,0.5173343206219918,0.987012987012987
0.5755942243613476,0.5173343206219918,0.987012987012987
0.545590522028878,0.5173343206219918,0.987012987012987
0.6079970381340244,0.5173343206219918,0.987012987012987
0.5760681229174378,0.5173343206219918,0.987012987012987
0.5631543872639762,0.5173343206219918,0.987012987012987
0.527937800814513,0.5173343206219918,0.987012987012987
0.5704109589041094,0.5173343206219918,0.987012987012987
0.5556312476860421,0.5173343206219918,0.987012987012987
0.5695520177711958,0.5173343206219918,0.987012987012987
0.5649611255090706,0.5173343206219918,0.987012987012987
0.5699074416882636,0.5173343206219918,0.987012987012987
0.5843021103295074,0.5173343206219918,0.987012987012987
0.5685746019992595,0.5173343206219918,0.987012987012987
0.5742910033320991,0.5173343206219918,0.987012987012987
0.537563865235098,0.5173343206219918,0.987012987012987
0.548611625323954,0.5173343206219918,0.987012987012987
0.5829692706405034,0.5173343206219918,0.987012987012987
0.5980747871158829,0.5173343206219918,0.987012987012987
0.5795335061088485,0.5173343206219918,0.987012987012987
0.5375342465753424,0.5173343206219918,0.987012987012987
0.5534394668641243,0.5173343206219918,0.987012987012987
0.6045908922621249,0.5173343206219918,0.987012987012987
0.5806293965198073,0.5173343206219918,0.987012987012987
0.5468641243983708,0.5173343206219918,0.987012987012987
0.5827027027027026,0.5173343206219918,0.987012987012987
0.5889818585708996,0.5173343206219918,0.987012987012987
0.5655534987041835,0.5173343206219918,0.987012987012987
0.512536097741577,0.5173343206219918,0.987012987012987
0.5439911144020732,0.5173343206219918,0.987012987012987
0.585842280636801,0.5173343206219918,0.987012987012987
0.5929507589781561,0.5173343206219918,0.987012987012987
0.5538541281007033,0.5173343206219918,0.987012987012987
0.5848056275453535,0.5173343206219918,0.987012987012987
0.5501221769714919,0.5173343206219918,0.987012987012987
0.5200296186597555,0.5173343206219918,0.987012987012987
0.5670936690114772,0.5173343206219918,0.987012987012987
0.5639837097371343,0.5173343206219918,0.987012987012987
0.5571714179933357,0.5173343206219918,0.987012987012987
0.534542761940022,0.5173343206219918,0.987012987012987
0.5695520177711958,0.5173343206219918,0.987012987012987
0.6349796371714178,0.5173343206219918,0.987012987012987
0.5931580895964457,0.5173343206219918,0.987012987012987
0.5661458718992964,0.5173343206219918,0.987012987012987
0.5167715660866345,0.5173343206219918,0.987012987012987
0.6039392817475008,0.5173343206219918,0.987012987012987
0.5619400222139946,0.5173343206219918,0.987012987012987
0.5330914476119955,0.5173343206219918,0.987012987012987
0.5940466493891151,0.5173343206219918,0.987012987012987
0.5937504627915586,0.5173343206219918,0.987012987012987
0.5950240651610514,0.5173343206219918,0.987012987012987
0.594550166604961,0.5173343206219918,0.987012987012987
0.5638059977786004,0.5173343206219918,0.987012987012987
0.5592151055164752,0.5173343206219918,0.987012987012987
0.5632136245834874,0.5173343206219918,0.987012987012987
0.5382450944094779,0.5173343206219918,0.987012987012987
0.5480192521288411,0.5173343206219918,0.987012987012987
0.5529063309885227,0.5173343206219918,0.987012987012987
0.5575268419104035,0.5173343206219918,0.987012987012987
0.625768233987412,0.5173343206219918,0.987012987012987
0.5831766012587929,0.5173343206219918,0.987012987012987
0.5547130692336171,0.5173343206219918,0.987012987012987
0.5572898926323583,0.5173343206219918,0.987012987012987
0.5558978156238429,0.5173343206219918,0.987012987012987
0.5635986671603109,0.5173343206219918,0.987012987012987
0.5878267308404292,0.5173343206219918,0.987012987012987
0.5567567567567566,0.5173343206219918,0.987012987012987
0.5298926323583857,0.5173343206219918,0.987012987012987
0.5440503517215846,0.5173343206219918,0.987012987012987
0.564842650870048,0.5173343206219918,0.987012987012987
0.6008885597926693,0.5173343206219918,0.987012987012987
0.5450277674935208,0.5173343206219918,0.987012987012987
0.5934542761940022,0.5173343206219918,0.987012987012987
0.569788967049241,0.5173343206219918,0.987012987012987
0.5615845982969269,0.5173343206219918,0.987012987012987
0.5966234727878562,0.5173343206219918,0.987012987012987
0.5385412810070342,0.5173343206219918,0.987012987012987
0.5690188818955941,0.5173343206219918,0.987012987012987
0.571210662717512,0.5173343206219918,0.987012987012987
0.6163198815253609,0.5173343206219918,0.987012987012987
0.5274046649389114,0.5173343206219918,0.987012987012987
0.5550684931506848,0.5173343206219918,0.987012987012987
0.5837985931136614,0.5173343206219918,0.987012987012987
0.5863457978526471,0.5173343206219918,0.987012987012987
0.5957645316549425,0.5173343206219918,0.987012987012987
0.5929211403184005,0.5173343206219918,0.987012987012987
0.5543872639763049,0.5173343206219918,0.987012987012987
0.5572010366530913,0.5173343206219918,0.987012987012987
0.5708256201406884,0.5173343206219918,0.987012987012987
0.5651684561273601,0.5173343206219918,0.987012987012987
0.5244427989633468,0.5173343206219918,0.987012987012987
0.5495890410958902,0.5173343206219918,0.987012987012987
0.5531728989263235,0.5173343206219918,0.987012987012987
0.5958237689744538,0.5173343206219918,0.987012987012987
0.5755053683820807,0.5173343206219918,0.987012987012987
0.5651092188078489,0.5173343206219918,0.987012987012987
0.6,0.5173343206219918,0.987012987012987
0.5837985931136614,0.5173343206219918,0.987012987012987
0.5795335061088485,0.5173343206219918,0.987012987012987
0.5558385783043316,0.5173343206219918,0.987012987012987
0.5667382450944094,0.5173343206219918,0.987012987012987
0.5884783413550536,0.5173343206219918,0.987012987012987
0.5578822658274712,0.5173343206219918,0.987012987012987
0.6137430581266197,0.5173343206219918,0.987012987012987
0.575475749722325,0.5173343206219918,0.987012987012987
0.5962384302110327,0.5173343206219918,0.987012987012987
0.5533209922251018,0.5173343206219918,0.987012987012987
0.5574083672713809,0.5173343206219918,0.987012987012987
0.5911144020733061,0.5173343206219918,0.987012987012987
0.5793854128100703,0.5173343206219918,0.987012987012987
0.530188818955942,0.5173343206219918,0.987012987012987
0.5568159940762679,0.5173343206219918,0.987012987012987
0.5560755275823768,0.5173343206219918,0.987012987012987
0.5855164753794889,0.5173343206219918,0.987012987012987
0.5747056645686781,0.5173343206219918,0.987012987012987
0.56584968530174,0.5173343206219918,0.987012987012987
0.5379489078119214,0.5173343206219918,0.987012987012987
0.5553054424287299,0.5173343206219918,0.987012987012987
0.5625323954091077,0.5173343206219918,0.987012987012987
0.5771047760088854,0.5173343206219918,0.987012987012987
0.5454720473898556,0.5173343206219918,0.987012987012987
0.6126471677156607,0.5173343206219918,0.987012987012987
0.5825546094039243,0.5173343206219918,0.987012987012987
0.557734172528693,0.5173343206219918,0.987012987012987
0.5532617549055904,0.5173343206219918,0.987012987012987
0.5175712699000369,0.5173343206219918,0.987012987012987
0.551958533876342,0.5173343206219918,0.987012987012987
0.5218067382450943,0.5173343206219918,0.987012987012987
0.5663828211773416,0.5173343206219918,0.987012987012987
0.5585931136616067,0.5173343206219918,0.987012987012987
0.5525805257312105,0.5173343206219918,0.987012987012987
0.5827915586819694,0.5173343206219918,0.987012987012987
0.5981340244353942,0.5173343206219918,0.987012987012987
0.5555720103665307,0.5173343206219918,0.987012987012987
0.5845390596075526,0.5173343206219918,0.987012987012987
0.5804220659015179,0.5173343206219918,0.987012987012987
0.5785264716771564,0.5173343206219918,0.987012987012987
0.5981636430951498,0.5173343206219918,0.987012987012987
0.5361421695668269,0.5173343206219918,0.987012987012987
0.5596593854128099,0.5173343206219918,0.987012987012987
0.5579711218067382,0.5173343206219918,0.987012987012987
0.5751203258052572,0.5173343206219918,0.987012987012987
0.6147797112180673,0.5173343206219918,0.987012987012987
0.5657312106627174,0.5173343206219918,0.987012987012987
0.5679822288041465,0.5173343206219918,0.987012987012987
0.5774601999259532,0.5173343206219918,0.987012987012987
0.5243835616438356,0.5173343206219918,0.987012987012987
0.4983487597186227,0.5173343206219918,0.987012987012987
0.5885079600148092,0.5173343206219918,0.987012987012987
0.5830877452795259,0.5173343206219918,0.987012987012987
0.5956460570159199,0.5173343206219918,0.987012987012987
0.5846279155868196,0.5173343206219918,0.987012987012987
0.5580895964457607,0.5173343206219918,0.987012987012987
0.5296853017400962,0.5173343206219918,0.987012987012987
0.5871455016660495,0.5173343206219918,0.987012987012987
0.564339133654202,0.5173343206219918,0.987012987012987
0.6141281007034429,0.5173343206219918,0.987012987012987
0.5363791188448721,0.5173343206219918,0.987012987012987
0.5546538319141058,0.5173343206219918,0.987012987012987
0.5758015549796371,0.5173343206219918,0.987012987012987
0.5605775638652349,0.5173343206219918,0.987012987012987
0.6132099222510181,0.5173343206219918,0.987012987012987
0.5571714179933357,0.5173343206219918,0.987012987012987
0.5456497593483893,0.5173343206219918,0.987012987012987
0.5457386153276562,0.5173343206219918,0.987012987012987
0.5995557201036652,0.5173343206219918,0.987012987012987
0.5666790077748981,0.5173343206219918,0.987012987012987
0.5669159570529433,0.5173343206219918,0.987012987012987
0.5562236208811551,0.5173343206219918,0.987012987012987
0.5950240651610514,0.5173343206219918,0.987012987012987
0.597067752684191,0.5173343206219918,0.987012987012987
0.5885671973343205,0.5173343206219918,0.987012987012987
0.6442206590151794,0.5173343206219918,0.987012987012987
0.5885079600148092,0.5173343206219918,0.987012987012987
0.574468715290633,0.5173343206219918,0.987012987012987
0.5543872639763049,0.5173343206219918,0.987012987012987
0.5756830803406146,0.5173343206219918,0.987012987012987
0.5822584228063679,0.5173343206219918,0.987012987012987
0.5678341355053682,0.5173343206219918,0.987012987012987
0.5890707145501666,0.5173343206219918,0.987012987012987
0.5486708626434653,0.5173343206219918,0.987012987012987
0.6034950018511661,0.5173343206219918,0.987012987012987
0.5600148093298778,0.5173343206219918,0.987012987012987
0.6016290262865605,0.5173343206219918,0.987012987012987
0.5538245094409477,0.5173343206219918,0.987012987012987
0.6000296186597555,0.5173343206219918,0.987012987012987
0.5605479452054795,0.5173343206219918,0.987012987012987
0.5380377637911884,0.5173343206219918,0.987012987012987
0.5551277304701961,0.5173343206219918,0.987012987012987
0.5941651240281376,0.5173343206219918,0.987012987012987
0.576897445390596,0.5173343206219918,0.987012987012987
0.5986375416512401,0.5173343206219918,0.987012987012987
0.584005923731951,0.5173343206219918,0.987012987012987
0.5795927434283598,0.5173343206219918,0.987012987012987
0.5710921880784893,0.5173343206219918,0.987012987012987
0.6048574601999258,0.5173343206219918,0.987012987012987
0.5848056275453535,0.5173343206219918,0.987012987012987
0.5679526101443908,0.5173343206219918,0.987012987012987
0.5785560903369121,0.5173343206219918,0.987012987012987
0.5681303221029247,0.5173343206219918,0.987012987012987
0.5791780821917806,0.5173343206219918,0.987012987012987
0.5812513883746759,0.5173343206219918,0.987012987012987
0.5305146242132542,0.5173343206219918,0.987012987012987
0.5740836727138096,0.5173343206219918,0.987012987012987
0.5808959644576083,0.5173343206219918,0.987012987012987
0.5902850796001479,0.5173343206219918,0.987012987012987
0.5303072935949648,0.5173343206219918,0.987012987012987
0.5600148093298778,0.5173343206219918,0.987012987012987
0.5688411699370602,0.5173343206219918,0.987012987012987
0.5716253239540909,0.5173343206219918,0.987012987012987
0.559155868196964,0.5173343206219918,0.987012987012987
0.5838282117734171,0.5173343206219918,0.987012987012987
0.5686634579785262,0.5173343206219918,0.987012987012987
0.5851906701221767,0.5173343206219918,0.987012987012987
0.5715660866345796,0.5173343206219918,0.987012987012987
0.5812217697149202,0.5173343206219918,0.987012987012987
0.6004738985560902,0.5173343206219918,0.987012987012987
0.5942539800074045,0.5173343206219918,0.987012987012987
0.5698778230285078,0.5173343206219918,0.987012987012987
0.580836727138097,0.5173343206219918,0.987012987012987
0.5675083302480562,0.5173343206219918,0.987012987012987
0.5787634209552016,0.5173343206219918,0.987012987012987
0.6260051832654571,0.5173343206219918,0.987012987012987
0.5776971492039984,0.5173343206219918,0.987012987012987
0.5782895223991112,0.5173343206219918,0.987012987012987
0.58074787115883,0.5173343206219918,0.987012987012987
0.6019252128841169,0.5173343206219918,0.987012987012987
0.5583857830433172,0.5173343206219918,0.987012987012987
0.5567271380970009,0.5173343206219918,0.987012987012987
0.5950536838208069,0.5173343206219918,0.987012987012987
0.596060718252499,0.5173343206219918,0.987012987012987
0.5997630507219548,0.5173343206219918,0.987012987012987
0.5622658274713068,0.5173343206219918,0.987012987012987
0.578644946316179,0.5173343206219918,0.987012987012987
0.572454646427249,0.5173343206219918,0.987012987012987
0.5909959274342835,0.5173343206219918,0.987012987012987
0.5971862273232136,0.5173343206219918,0.987012987012987
0.5501517956312475,0.5173343206219918,0.987012987012987
0.5216586449463161,0.5173343206219918,0.987012987012987
0.558741206960385,0.5173343206219918,0.987012987012987
0.5785560903369121,0.5173343206219918,0.987012987012987
0.5590077748981858,0.5173343206219918,0.987012987012987
0.5600444279896334,0.5173343206219918,0.987012987012987
0.5978378378378377,0.5173343206219918,0.987012987012987
0.5648722695298037,0.5173343206219918,0.987012987012987
0.6137726767863753,0.5173343206219918,0.987012987012987
0.5535579415031469,0.5173343206219918,0.987012987012987
0.5527286190299888,0.5173343206219918,0.987012987012987
0.5695816364309514,0.5173343206219918,0.987012987012987
0.582080710847834,0.5173343206219918,0.987012987012987
0.5680710847834134,0.5173343206219918,0.987012987012987
0.5386893743058125,0.5173343206219918,0.987012987012987
0.5860496112550906,0.5173343206219918,0.987012987012987
0.5722769344687151,0.5173343206219918,0.987012987012987
0.5585042576823398,0.5173343206219918,0.987012987012987
0.5673306182895222,0.5173343206219918,0.987012987012987
0.5886560533135875,0.5173343206219918,0.987012987012987
0.5844205849685301,0.5173343206219918,0.987012987012987
0.5830877452795259,0.5173343206219918,0.987012987012987
0.5726027397260273,0.5173343206219918,0.987012987012987
0.5362902628656052,0.5173343206219918,0.987012987012987
0.5890410958904108,0.5173343206219918,0.987012987012987
0.5840947797112179,0.5173343206219918,0.987012987012987
0.5322621251388373,0.5173343206219918,0.987012987012987
0.566767863754165,0.5173343206219918,0.987012987012987
0.5649018881895592,0.5173343206219918,0.987012987012987
0.6013624583487596,0.5173343206219918,0.987012987012987
0.563006293965198,0.5173343206219918,0.987012987012987
0.5442280636801183,0.5173343206219918,0.987012987012987
0.582347278785635,0.5173343206219918,0.987012987012987
0.6247315808959644,0.5173343206219918,0.987012987012987
0.5596001480932986,0.5173343206219918,0.987012987012987
0.5895446131062568,0.5173343206219918,0.987012987012987
0.5928026656793779,0.5173343206219918,0.987012987012987
0.5531136616068122,0.5173343206219918,0.987012987012987
0.6014809329877822,0.5173343206219918,0.987012987012987
0.5628582006664198,0.5173343206219918,0.987012987012987
0.5427175120325803,0.5173343206219918,0.987012987012987
0.5826138467234356,0.5173343206219918,0.987012987012987
0.5841540170307293,0.5173343206219918,0.987012987012987
0.5465383191410588,0.5173343206219918,0.987012987012987
0.5963865235098111,0.5173343206219918,0.987012987012987
0.5792669381710476,0.5173343206219918,0.987012987012987
0.5736690114772306,0.5173343206219918,0.987012987012987
0.5776379118844871,0.5173343206219918,0.987012987012987
0.5725138837467603,0.5173343206219918,0.987012987012987
0.5876490188818955,0.5173343206219918,0.987012987012987
0.5551573491299517,0.5173343206219918,0.987012987012987
0.5893965198074785,0.5173343206219918,0.987012987012987
0.5854276194002219,0.5173343206219918,0.987012987012987
0.5803332099222509,0.5173343206219918,0.987012987012987
0.5894557571269898,0.5173343206219918,0.987012987012987
0.533298778230285,0.5173343206219918,0.987012987012987
0.5601925212884116,0.5173343206219918,0.987012987012987
0.5545353572750833,0.5173343206219918,0.987012987012987
0.5796815994076266,0.5173343206219918,0.987012987012987
0.5520770085153646,0.5173343206219918,0.987012987012987
0.5766901147723065,0.5173343206219918,0.987012987012987
0.5696704924102184,0.5173343206219918,0.987012987012987
0.5615845982969269,0.5173343206219918,0.987012987012987
0.5667086264346537,0.5173343206219918,0.987012987012987
0.6066938171047759,0.5173343206219918,0.987012987012987
0.5232876712328766,0.5173343206219918,0.987012987012987
0.5857534246575341,0.5173343206219918,0.987012987012987
0.5458274713069232,0.5173343206219918,0.987012987012987
0.5485523880044427,0.5173343206219918,0.987012987012987
0.5774009626064419,0.5173343206219918,0.987012987012987
0.5335949648278415,0.5173343206219918,0.987012987012987
0.5686338393187708,0.5173343206219918,0.987012987012987
0.5701740096260642,0.5173343206219918,0.987012987012987
0.5507145501666049,0.5173343206219918,0.987012987012987
0.55714179933358,0.5173343206219918,0.987012987012987
0.5734024435394298,0.5173343206219918,0.987012987012987
0.5803035912624953,0.5173343206219918,0.987012987012987
0.5497963717141798,0.5173343206219918,0.987012987012987
0.5788818955942242,0.5173343206219918,0.987012987012987
0.599911144020733,0.5173343206219918,0.987012987012987
0.5606664198445019,0.5173343206219918,0.987012987012987
0.5396667900777489,0.5173343206219918,0.987012987012987
0.5582080710847833,0.5173343206219918,0.987012987012987
0.5946686412439836,0.5173343206219918,0.987012987012987
0.5187856349500184,0.5173343206219918,0.987012987012987
0.6134468715290633,0.5173343206219918,0.987012987012987
0.6048870788596814,0.5173343206219918,0.987012987012987
0.5703517215845981,0.5173343206219918,0.987012987012987
0.5877082562014068,0.5173343206219918,0.987012987012987
0.5892780451684559,0.5173343206219918,0.987012987012987
0.5447315808959644,0.5173343206219918,0.987012987012987
0.5559866716031099,0.5173343206219918,0.987012987012987
0.512299148463532,0.5173343206219918,0.987012987012987
0.5910847834135504,0.5173343206219918,0.987012987012987
0.5680414661236578,0.5173343206219918,0.987012987012987
0.5780821917808219,0.5173343206219918,0.987012987012987
0.5733432062199184,0.5173343206219918,0.987012987012987
0.5789115142539799,0.5173343206219918,0.987012987012987
0.5639837097371343,0.5173343206219918,0.987012987012987
0.5615253609774156,0.5173343206219918,0.987012987012987
0.5603109959274343,0.5173343206219918,0.987012987012987
0.5948463532025176,0.5173343206219918,0.987012987012987
0.546775268419104,0.5173343206219918,0.987012987012987
0.530277674935209,0.5173343206219918,0.987012987012987
0.5755942243613476,0.5173343206219918,0.987012987012987
0.5658200666419844,0.5173343206219918,0.987012987012987
0.580984820436875,0.5173343206219918,0.987012987012987
0.6128841169937059,0.5173343206219918,0.987012987012987
0.5533506108848574,0.5173343206219918,0.987012987012987
0.5731951129211402,0.5173343206219918,0.987012987012987
0.5421251388374675,0.5173343206219918,0.987012987012987
0.5730174009626063,0.5173343206219918,0.987012987012987
0.5320547945205478,0.5173343206219918,0.987012987012987
0.5770159200296184,0.5173343206219918,0.987012987012987
0.5746168085894111,0.5173343206219918,0.987012987012987
0.5703221029248425,0.5173343206219918,0.987012987012987
0.5510995927434282,0.5173343206219918,0.987012987012987
0.5843317289892631,0.5173343206219918,0.987012987012987
0.5490559052202887,0.5173343206219918,0.987012987012987
0.5625620140688633,0.5173343206219918,0.987012987012987
0.5733432062199184,0.5173343206219918,0.987012987012987
0.5331210662717512,0.5173343206219918,0.987012987012987
0.5567271380970009,0.5173343206219918,0.987012987012987
0.6093891151425396,0.5173343206219918,0.987012987012987
0.5623843021103294,0.5173343206219918,0.987012987012987
0.5211255090707144,0.5173343206219918,0.987012987012987
0.5826730840429469,0.5173343206219918,0.987012987012987
0.5986079229914846,0.5173343206219918,0.987012987012987
0.5760088855979266,0.5173343206219918,0.987012987012987
0.5854868567197332,0.5173343206219918,0.987012987012987
0.570618289522399,0.5173343206219918,0.987012987012987
0.6130618289522397,0.5173343206219918,0.987012987012987
0.5710921880784893,0.5173343206219918,0.987012987012987
0.5470122176971491,0.5173343206219918,0.987012987012987
0.5293298778230284,0.5173343206219918,0.987012987012987
0.5448796741947426,0.5173343206219918,0.987012987012987
0.5772824879674194,0.5173343206219918,0.987012987012987
0.5630655312847093,0.5173343206219918,0.987012987012987
0.5810144390966308,0.5173343206219918,0.987012987012987
0.5691373565346167,0.5173343206219918,0.987012987012987
0.5747945205479451,0.5173343206219918,0.987012987012987
0.5771640133283967,0.5173343206219918,0.987012987012987
0.5944020733061828,0.5173343206219918,0.987012987012987
0.5789115142539799,0.5173343206219918,0.987012987012987
0.6154905590522027,0.5173343206219918,0.987012987012987
0.5818437615697889,0.5173343206219918,0.987012987012987
0.5937800814513142,0.5173343206219918,0.987012987012987
0.5635394298407996,0.5173343206219918,0.987012987012987
0.5613772676786375,0.5173343206219918,0.987012987012987
0.5967419474268788,0.5173343206219918,0.987012987012987
0.5468048870788595,0.5173343206219918,0.987012987012987
0.5670936690114772,0.5173343206219918,0.987012987012987
0.5739059607552757,0.5173343206219918,0.987012987012987
0.5391336542021472,0.5173343206219918,0.987012987012987
0.595468345057386,0.5173343206219918,0.987012987012987
0.622332469455757,0.5173343206219918,0.987012987012987
0.6164087375046279,0.5173343206219918,0.987012987012987
0.5604590892262125,0.5173343206219918,0.987012987012987
0.5449685301740095,0.5173343206219918,0.987012987012987
0.6307145501666048,0.5173343206219918,0.987012987012987
0.5861977045538689,0.5173343206219918,0.987012987012987
0.5998222880414661,0.5173343206219918,0.987012987012987
0.5792077008515364,0.5173343206219918,0.987012987012987
0.5937208441318029,0.5173343206219918,0.987012987012987
0.604265087004813,0.5173343206219918,0.987012987012987
0.5416512402813772,0.5173343206219918,0.987012987012987
0.5971566086634579,0.5173343206219918,0.987012987012987
0.5861680858941132,0.5173343206219918,0.987012987012987
0.5901666049611253,0.5173343206219918,0.987012987012987
0.5877082562014068,0.5173343206219918,0.987012987012987
0.5189337282487967,0.5173343206219918,0.987012987012987
0.5674194742687892,0.5173343206219918,0.987012987012987
0.5544761199555719,0.5173343206219918,0.987012987012987
0.5731951129211402,0.5173343206219918,0.987012987012987
0.6078489448352461,0.5173343206219918,0.987012987012987
0.5785857089966677,0.5173343206219918,0.987012987012987
0.5556016290262864,0.5173343206219918,0.987012987012987
0.5638948537578674,0.5173343206219918,0.987012987012987
0.5605775638652349,0.5173343206219918,0.987012987012987
0.5204738985560903,0.5173343206219918,0.987012987012987
0.5612587930396149,0.5173343206219918,0.987012987012987
0.5263383931877081,0.5173343206219918,0.987012987012987
0.5650499814883376,0.5173343206219918,0.987012987012987
0.5921806738245093,0.5173343206219918,0.987012987012987
0.5994964827841539,0.5173343206219918,0.987012987012987
0.5620881155127729,0.5173343206219918,0.987012987012987
0.5865827471306923,0.5173343206219918,0.987012987012987
0.5820510921880785,0.5173343206219918,0.987012987012987
0.5995261014439096,0.5173343206219918,0.987012987012987
0.5654646427249166,0.5173343206219918,0.987012987012987
0.5776971492039984,0.5173343206219918,0.987012987012987
0.5473380229544612,0.5173343206219918,0.987012987012987
0.5670344316919659,0.5173343206219918,0.987012987012987
0.5639540910773786,0.5173343206219918,0.987012987012987
0.5678933728248795,0.5173343206219918,0.987012987012987
0.5372084413180302,0.5173343206219918,0.987012987012987
0.5273158089596445,0.5173343206219918,0.987012987012987
0.5446131062569418,0.5173343206219918,0.987012987012987
0.6010366530914474,0.5173343206219918,0.987012987012987
0.5782599037393558,0.5173343206219918,0.987012987012987
0.5927138097001109,0.5173343206219918,0.987012987012987
0.5812513883746759,0.5173343206219918,0.987012987012987
0.5908182154757496,0.5173343206219918,0.987012987012987
0.5751203258052572,0.5173343206219918,0.987012987012987
0.5700851536467975,0.5173343206219918,0.987012987012987
0.5723657904479821,0.5173343206219918,0.987012987012987
0.5339503887449092,0.5173343206219918,0.987012987012987
0.5884191040355423,0.5173343206219918,0.987012987012987
0.5689892632358384,0.5173343206219918,0.987012987012987
0.5833246945575711,0.5173343206219918,0.987012987012987
0.5672121436504998,0.5173343206219918,0.987012987012987
0.5762754535357274,0.5173343206219918,0.987012987012987
0.5775490559052202,0.5173343206219918,0.987012987012987
0.5208293224731579,0.5173343206219918,0.987012987012987
0.5928322843391336,0.5173343206219918,0.987012987012987
0.5671232876712328,0.5173343206219918,0.987012987012987
0.5463309885227693,0.5173343206219918,0.987012987012987
0.5561940022213994,0.5173343206219918,0.987012987012987
0.5911736393928174,0.5173343206219918,0.987012987012987
0.5381266197704553,0.5173343206219918,0.987012987012987
0.5994372454646426,0.5173343206219918,0.987012987012987
0.5760088855979266,0.5173343206219918,0.987012987012987
0.5956756756756756,0.5173343206219918,0.987012987012987
0.5532617549055904,0.5173343206219918,0.987012987012987
0.5380970011106997,0.5173343206219918,0.987012987012987
0.5726323583857829,0.5173343206219918,0.987012987012987
0.5798889300259162,0.5173343206219918,0.987012987012987
0.5887152906330988,0.5173343206219918,0.987012987012987
0.5355497963717141,0.5173343206219918,0.987012987012987
0.5477823028507959,0.5173343206219918,0.987012987012987
0.6067826730840429,0.5173343206219918,0.987012987012987
0.5929211403184005,0.5173343206219918,0.987012987012987
0.5295964457608292,0.5173343206219918,0.987012987012987
0.5872047389855608,0.5173343206219918,0.987012987012987
0.5414439096630876,0.5173343206219918,0.987012987012987
0.5443761569788966,0.5173343206219918,0.987012987012987
0.5208293224731579,0.5173343206219918,0.987012987012987
0.5775786745649758,0.5173343206219918,0.987012987012987
0.5862865605331358,0.5173343206219918,0.987012987012987
0.5943724546464271,0.5173343206219918,0.987012987012987
0.6171492039985189,0.5173343206219918,0.987012987012987
0.5310773787486115,0.5173343206219918,0.987012987012987
0.6172676786375415,0.5173343206219918,0.987012987012987
0.6005035172158458,0.5173343206219918,0.987012987012987
0.5556016290262864,0.5173343206219918,0.987012987012987
0.5987263976305071,0.5173343206219918,0.987012987012987
0.5688115512773045,0.5173343206219918,0.987012987012987
0.6208515364679748,0.5173343206219918,0.987012987012987
0.559333580155498,0.5173343206219918,0.987012987012987
0.5778452425027767,0.5173343206219918,0.987012987012987
0.5760385042576822,0.5173343206219918,0.987012987012987
0.5683080340614586,0.5173343206219918,0.987012987012987
0.5877082562014068,0.5173343206219918,0.987012987012987
0.597571269900037,0.5173343206219918,0.987012987012987
0.5758904109589039,0.5173343206219918,0.987012987012987
0.5709144761199555,0.5173343206219918,0.987012987012987
0.6000296186597555,0.5173343206219918,0.987012987012987
0.5765716401332839,0.5173343206219918,0.987012987012987
0.576897445390596,0.5173343206219918,0.987012987012987
0.5990522028878192,0.5173343206219918,0.987012987012987
0.5625620140688633,0.5173343206219918,0.987012987012987
0.5957941503146982,0.5173343206219918,0.987012987012987
0.5694039244724175,0.5173343206219918,0.987012987012987
0.5924768604220658,0.5173343206219918,0.987012987012987
0.5900481303221028,0.5173343206219918,0.987012987012987
0.5961791928915214,0.5173343206219918,0.987012987012987
0.548196964087375,0.5173343206219918,0.987012987012987
0.5637467604590891,0.5173343206219918,0.987012987012987
0.5615549796371713,0.5173343206219918,0.987012987012987
0.5613180303591261,0.5173343206219918,0.987012987012987
0.5870566456867825,0.5173343206219918,0.987012987012987
0.5847167715660865,0.5173343206219918,0.987012987012987
0.5814291003332098,0.5173343206219918,0.987012987012987
0.5621177341725285,0.5173343206219918,0.987012987012987
0.5496778970751572,0.5173343206219918,0.987012987012987
0.6083228433913365,0.5173343206219918,0.987012987012987
0.5776082932247315,0.5173343206219918,0.987012987012987
0.5812217697149202,0.5173343206219918,0.987012987012987
0.5994668641243983,0.5173343206219918,0.987012987012987
0.5727804516845612,0.5173343206219918,0.987012987012987
0.5443761569788966,0.5173343206219918,0.987012987012987
0.6010958904109588,0.5173343206219918,0.987012987012987
0.5525509070714549,0.5173343206219918,0.987012987012987
0.5799777860051831,0.5173343206219918,0.987012987012987
0.5496778970751572,0.5173343206219918,0.987012987012987
0.5612291743798592,0.5173343206219918,0.987012987012987
0.5681007034431691,0.5173343206219918,0.987012987012987
0.546775268419104,0.5173343206219918,0.987012987012987
0.5738171047760088,0.5173343206219918,0.987012987012987
0.5676268048870787,0.5173343206219918,0.987012987012987
0.5490855238800444,0.5173343206219918,0.987012987012987
0.5449389115142539,0.5173343206219918,0.987012987012987
0.5675083302480562,0.5173343206219918,0.987012987012987
0.5781710477600888,0.5173343206219918,0.987012987012987
0.5478119215105515,0.5173343206219918,0.987012987012987
0.5747945205479451,0.5173343206219918,0.987012987012987
0.5532321362458348,0.5173343206219918,0.987012987012987
0.6049759348389484,0.5173343206219918,0.987012987012987
0.569788967049241,0.5173343206219918,0.987012987012987
0.5738467234357644,0.5173343206219918,0.987012987012987
0.5883006293965197,0.5173343206219918,0.987012987012987
0.5928322843391336,0.5173343206219918,0.987012987012987
0.574379859311366,0.5173343206219918,0.987012987012987
0.5665605331358756,0.5173343206219918,0.987012987012987
0.6105442428730099,0.5173343206219918,0.987012987012987
0.5846279155868196,0.5173343206219918,0.987012987012987
0.6041169937060347,0.5173343206219918,0.987012987012987
0.5989929655683078,0.5173343206219918,0.987012987012987
0.5792077008515364,0.5173343206219918,0.987012987012987
0.5876786375416511,0.5173343206219918,0.987012987012987
0.5681599407626804,0.5173343206219918,0.987012987012987
0.5657015920029618,0.5173343206219918,0.987012987012987
0.5645760829322473,0.5173343206219918,0.987012987012987
0.5753868937430581,0.5173343206219918,0.987012987012987
0.5788522769344686,0.5173343206219918,0.987012987012987
0.5800962606442057,0.5173343206219918,0.987012987012987
0.5781710477600888,0.5173343206219918,0.987012987012987
0.5635394298407996,0.5173343206219918,0.987012987012987
0.5734616808589411,0.5173343206219918,0.987012987012987
0.5930988522769344,0.5173343206219918,0.987012987012987
0.5691077378748611,0.5173343206219918,0.987012987012987
0.5517512032580524,0.5173343206219918,0.987012987012987
0.5539726027397259,0.5173343206219918,0.987012987012987
0.5355497963717141,0.5173343206219918,0.987012987012987
0.5964161421695666,0.5173343206219918,0.987012987012987
0.61857089966679,0.5173343206219918,0.987012987012987
0.6014216956682709,0.5173343206219918,0.987012987012987
0.5601036653091446,0.5173343206219918,0.987012987012987
0.5444650129581635,0.5173343206219918,0.987012987012987
0.5615253609774156,0.5173343206219918,0.987012987012987
0.5668863383931876,0.5173343206219918,0.987012987012987
0.5767197334320621,0.5173343206219918,0.987012987012987
0.5750314698259902,0.5173343206219918,0.987012987012987
0.6109589041095889,0.5173343206219918,0.987012987012987
0.5636282858200664,0.5173343206219918,0.987012987012987
0.5927434283598666,0.5173343206219918,0.987012987012987
0.5544761199555719,0.5173343206219918,0.987012987012987
0.5433395038874489,0.5173343206219918,0.987012987012987
0.5991706775268418,0.5173343206219918,0.987012987012987
0.55714179933358,0.5173343206219918,0.987012987012987
0.5681303221029247,0.5173343206219918,0.987012987012987
0.5428656053313586,0.5173343206219918,0.987012987012987
0.5829988893002591,0.5173343206219918,0.987012987012987
0.5731951129211402,0.5173343206219918,0.987012987012987
0.5770159200296184,0.5173343206219918,0.987012987012987
0.5638059977786004,0.5173343206219918,0.987012987012987
0.5848056275453535,0.5173343206219918,0.987012987012987
0.5588300629396519,0.5173343206219918,0.987012987012987
0.5401999259533505,0.5173343206219918,0.987012987012987
0.5492632358385782,0.5173343206219918,0.987012987012987
0.5515142539800073,0.5173343206219918,0.987012987012987
0.5585634950018511,0.5173343206219918,0.987012987012987
0.5760977415771936,0.5173343206219918,0.987012987012987
0.5551869677897074,0.5173343206219918,0.987012987012987
0.57639392817475,0.5173343206219918,0.987012987012987
0.5479303961495741,0.5173343206219918,0.987012987012987
0.5726323583857829,0.5173343206219918,0.987012987012987
0.5423324694557571,0.5173343206219918,0.987012987012987
0.5730174009626063,0.5173343206219918,0.987012987012987
0.5942539800074045,0.5173343206219918,0.987012987012987
0.5590966308774528,0.5173343206219918,0.987012987012987
0.48762680488707877,0.5173343206219918,0.987012987012987
0.5748241392077008,0.5173343206219918,0.987012987012987
0.59312847093669,0.5173343206219918,0.987012987012987
0.5923583857830432,0.5173343206219918,0.987012987012987
0.5502110329507588,0.5173343206219918,0.987012987012987
0.5870862643465382,0.5173343206219918,0.987012987012987
0.5735209181784524,0.5173343206219918,0.987012987012987
0.5898407997038133,0.5173343206219918,0.987012987012987
0.5690485005553497,0.5173343206219918,0.987012987012987
0.5752091817845242,0.5173343206219918,0.987012987012987
0.5187856349500184,0.5173343206219918,0.987012987012987
0.5597482413920769,0.5173343206219918,0.987012987012987
0.6364013328396889,0.5173343206219918,0.987012987012987
0.5789707515734912,0.5173343206219918,0.987012987012987
0.5781118104405775,0.5173343206219918,0.987012987012987
0.5570233246945574,0.5173343206219918,0.987012987012987
0.5749722325064789,0.5173343206219918,0.987012987012987
0.6379711218067381,0.5173343206219918,0.987012987012987
0.6039985190670121,0.5173343206219918,0.987012987012987
0.5636282858200664,0.5173343206219918,0.987012987012987
0.5262791558681968,0.5173343206219918,0.987012987012987
0.5749722325064789,0.5173343206219918,0.987012987012987
0.5928619029988893,0.5173343206219918,0.987012987012987
0.5731062569418733,0.5173343206219918,0.987012987012987
0.5652869307663828,0.5173343206219918,0.987012987012987
0.586523509811181,0.5173343206219918,0.987012987012987
0.551366160681229,0.5173343206219918,0.987012987012987
0.49769714920399843,0.5173343206219918,0.987012987012987
0.6147797112180673,0.5173343206219918,0.987012987012987
0.610870048130322,0.5173343206219918,0.987012987012987
0.6059829692706404,0.5173343206219918,0.987012987012987
0.5687226952980378,0.5173343206219918,0.987012987012987
0.5516031099592742,0.5173343206219918,0.987012987012987
0.5497371343946685,0.5173343206219918,0.987012987012987
0.5731654942613846,0.5173343206219918,0.987012987012987
0.5896038504257681,0.5173343206219918,0.987012987012987
0.570618289522399,0.5173343206219918,0.987012987012987
0.5762458348759717,0.5173343206219918,0.987012987012987
0.5827619400222139,0.5173343206219918,0.987012987012987
0.5358163643095148,0.5173343206219918,0.987012987012987
0.5433691225472046,0.5173343206219918,0.987012987012987
0.5698482043687523,0.5173343206219918,0.987012987012987
0.5731358756016289,0.5173343206219918,0.987012987012987
0.5541799333580154,0.5173343206219918,0.987012987012987
0.5816068122917437,0.5173343206219918,0.987012987012987
0.5580895964457607,0.5173343206219918,0.987012987012987
0.5924176231025544,0.5173343206219918,0.987012987012987
0.5983709737134394,0.5173343206219918,0.987012987012987
0.5839466864124397,0.5173343206219918,0.987012987012987
0.5627397260273971,0.5173343206219918,0.987012987012987
0.5702036282858199,0.5173343206219918,0.987012987012987
0.5740836727138096,0.5173343206219918,0.987012987012987
0.5595112921140317,0.5173343206219918,0.987012987012987
0.5672417623102552,0.5173343206219918,0.987012987012987
0.5796223620881155,0.5173343206219918,0.987012987012987
0.5776082932247315,0.5173343206219918,0.987012987012987
0.579237319511292,0.5173343206219918,0.987012987012987
0.5352536097741576,0.5173343206219918,0.987012987012987
0.5503295075897815,0.5173343206219918,0.987012987012987
0.557911884487227,0.5173343206219918,0.987012987012987
0.5876194002221399,0.5173343206219918,0.987012987012987
0.5730174009626063,0.5173343206219918,0.987012987012987
0.5755942243613476,0.5173343206219918,0.987012987012987
0.5910255460940391,0.5173343206219918,0.987012987012987
0.5862865605331358,0.5173343206219918,0.987012987012987
0.5992002961865974,0.5173343206219918,0.987012987012987
0.5808663457978525,0.5173343206219918,0.987012987012987
0.5660273972602737,0.5173343206219918,0.987012987012987
0.5386893743058125,0.5173343206219918,0.987012987012987
0.5813402443539428,0.5173343206219918,0.987012987012987
0.5919141058867085,0.5173343206219918,0.987012987012987
0.5833543132173268,0.5173343206219918,0.987012987012987
0.5761273602369491,0.5173343206219918,0.987012987012987
0.5374750092558311,0.5173343206219918,0.987012987012987
0.6005627545353571,0.5173343206219918,0.987012987012987
0.5690781192151054,0.5173343206219918,0.987012987012987
0.5272861902998889,0.5173343206219918,0.987012987012987
0.5875009255831173,0.5173343206219918,0.987012987012987
0.5448796741947426,0.5173343206219918,0.987012987012987
0.5259533506108847,0.5173343206219918,0.987012987012987
0.5935727508330247,0.5173343206219918,0.987012987012987
0.5657608293224731,0.5173343206219918,0.987012987012987
0.532202887819326,0.5173343206219918,0.987012987012987
0.57639392817475,0.5173343206219918,0.987012987012987
0.5891595705294335,0.5173343206219918,0.987012987012987
0.5972750833024805,0.5173343206219918,0.987012987012987
0.5274935209181784,0.5173343206219918,0.987012987012987
0.5956460570159199,0.5173343206219918,0.987012987012987
0.5813994816734541,0.5173343206219918,0.987012987012987
0.5910255460940391,0.5173343206219918,0.987012987012987
0.5772824879674194,0.5173343206219918,0.987012987012987
0.5855460940392446,0.5173343206219918,0.987012987012987
0.6182154757497221,0.5173343206219918,0.987012987012987
0.5877082562014068,0.5173343206219918,0.987012987012987
0.553794890781192,0.5173343206219918,0.987012987012987
0.5322621251388373,0.5173343206219918,0.987012987012987
0.5660273972602737,0.5173343206219918,0.987012987012987
0.5010144390966308,0.5173343206219918,0.987012987012987
0.5642206590151794,0.5173343206219918,0.987012987012987
0.5620288781932616,0.5173343206219918,0.987012987012987
0.5518696778970751,0.5173343206219918,0.987012987012987
0.593631988152536,0.5173343206219918,0.987012987012987
0.5389263235838577,0.5173343206219918,0.987012987012987
0.5238800444279895,0.5173343206219918,0.987012987012987
0.5968604220659014,0.5173343206219918,0.987012987012987
0.580155497963717,0.5173343206219918,0.987012987012987
0.5674194742687892,0.5173343206219918,0.987012987012987
0.5649315068493149,0.5173343206219918,0.987012987012987
0.5461236579044798,0.5173343206219918,0.987012987012987
0.5619696408737503,0.5173343206219918,0.987012987012987
0.5839763050721954,0.5173343206219918,0.987012987012987
0.6058348759718623,0.5173343206219918,0.987012987012987
0.5993780081451313,0.5173343206219918,0.987012987012987
0.5870862643465382,0.5173343206219918,0.987012987012987
0.5695223991114401,0.5173343206219918,0.987012987012987
0.5591854868567195,0.5173343206219918,0.987012987012987
0.542747130692336,0.5173343206219918,0.987012987012987
0.5676564235468344,0.5173343206219918,0.987012987012987
0.5537652721214364,0.5173343206219918,0.987012987012987
0.5631840059237319,0.5173343206219918,0.987012987012987
0.5728989263235837,0.5173343206219918,0.987012987012987
0.6051536467974823,0.5173343206219918,0.987012987012987
0.5961791928915214,0.5173343206219918,0.987012987012987
0.5274935209181784,0.5173343206219918,0.987012987012987
0.5568752313957792,0.5173343206219918,0.987012987012987
0.5374750092558311,0.5173343206219918,0.987012987012987
0.5557497223250648,0.5173343206219918,0.987012987012987
0.5567271380970009,0.5173343206219918,0.987012987012987
0.5419474268789337,0.5173343206219918,0.987012987012987
0.5800962606442057,0.5173343206219918,0.987012987012987
0.5699666790077748,0.5173343206219918,0.987012987012987
0.579563124768604,0.5173343206219918,0.987012987012987
0.5657608293224731,0.5173343206219918,0.987012987012987
0.5344539059607551,0.5173343206219918,0.987012987012987
0.5348093298778229,0.5173343206219918,0.987012987012987
0.5948463532025176,0.5173343206219918,0.987012987012987
0.6069900037023322,0.5173343206219918,0.987012987012987
0.5829692706405034,0.5173343206219918,0.987012987012987
0.5818437615697889,0.5173343206219918,0.987012987012987
0.571210662717512,0.5173343206219918,0.987012987012987
0.5713291373565345,0.5173343206219918,0.987012987012987
0.5162680488707885,0.5173343206219918,0.987012987012987
0.5854868567197332,0.5173343206219918,0.987012987012987
0.607019622362088,0.5173343206219918,0.987012987012987
0.5972750833024805,0.5173343206219918,0.987012987012987
0.511114402073306,0.5173343206219918,0.987012987012987
0.5976008885597927,0.5173343206219918,0.987012987012987
0.600236949278045,0.5173343206219918,0.987012987012987
0.5642798963346907,0.5173343206219918,0.987012987012987
0.5942835986671603,0.5173343206219918,0.987012987012987
0.571299518696779,0.5173343206219918,0.987012987012987
0.5572602739726026,0.5173343206219918,0.987012987012987
0.5770159200296184,0.5173343206219918,0.987012987012987
0.5468048870788595,0.5173343206219918,0.987012987012987
0.5790892262125138,0.5173343206219918,0.987012987012987
0.5868789337282486,0.5173343206219918,0.987012987012987
0.5825249907441687,0.5173343206219918,0.987012987012987
0.5785264716771564,0.5173343206219918,0.987012987012987
0.6029322473158089,0.5173343206219918,0.987012987012987
0.5637171417993334,0.5173343206219918,0.987012987012987
0.5653165494261383,0.5173343206219918,0.987012987012987
0.5617919289152165,0.5173343206219918,0.987012987012987
0.5537060348019252,0.5173343206219918,0.987012987012987
0.5370899666790077,0.5173343206219918,0.987012987012987
0.6016290262865605,0.5173343206219918,0.987012987012987
0.5869381710477599,0.5173343206219918,0.987012987012987
0.5746760459089224,0.5173343206219918,0.987012987012987
0.5779340984820436,0.5173343206219918,0.987012987012987
0.5529063309885227,0.5173343206219918,0.987012987012987
0.5779340984820436,0.5173343206219918,0.987012987012987
0.609774157719363,0.5173343206219918,0.987012987012987
0.5261310625694187,0.5173343206219918,0.987012987012987
0.5912328767123287,0.5173343206219918,0.987012987012987
0.5558681969640873,0.5173343206219918,0.987012987012987
0.5318474639022583,0.5173343206219918,0.987012987012987
0.561673454276194,0.5173343206219918,0.987012987012987
0.5582080710847833,0.5173343206219918,0.987012987012987
0.5713883746760458,0.5173343206219918,0.987012987012987
0.5837689744539059,0.5173343206219918,0.987012987012987
0.5661458718992964,0.5173343206219918,0.987012987012987
0.5993780081451313,0.5173343206219918,0.987012987012987
0.5468937430581265,0.5173343206219918,0.987012987012987
0.5720992225101813,0.5173343206219918,0.987012987012987
0.5798296927064049,0.5173343206219918,0.987012987012987
0.5616438356164383,0.5173343206219918,0.987012987012987
0.570025916327286,0.5173343206219918,0.987012987012987
0.6224213254350239,0.5173343206219918,0.987012987012987
0.5489670492410217,0.5173343206219918,0.987012987012987
0.5819029988893001,0.5173343206219918,0.987012987012987
0.5936912254720472,0.5173343206219918,0.987012987012987
0.5817549055905219,0.5173343206219918,0.987012987012987
0.5908478341355052,0.5173343206219918,0.987012987012987
0.5440799703813401,0.5173343206219918,0.987012987012987
0.5522251018141427,0.5173343206219918,0.987012987012987
0.5282043687523138,0.5173343206219918,0.987012987012987
0.5938097001110699,0.5173343206219918,0.987012987012987
0.5672417623102552,0.5173343206219918,0.987012987012987
0.5914698259903738,0.5173343206219918,0.987012987012987
0.5550092558311736,0.5173343206219918,0.987012987012987
0.6079081821547574,0.5173343206219918,0.987012987012987
0.5788522769344686,0.5173343206219918,0.987012987012987
0.5859903739355793,0.5173343206219918,0.987012987012987
0.5928026656793779,0.5173343206219918,0.987012987012987
0.5827323213624582,0.5173343206219918,0.987012987012987
0.5879748241392075,0.5173343206219918,0.987012987012987
0.5866716031099592,0.5173343206219918,0.987012987012987
0.5739059607552757,0.5173343206219918,0.987012987012987
0.5738171047760088,0.5173343206219918,0.987012987012987
0.5747649018881894,0.5173343206219918,0.987012987012987
0.5619696408737503,0.5173343206219918,0.987012987012987
0.5779340984820436,0.5173343206219918,0.987012987012987
0.5838874490929284,0.5173343206219918,0.987012987012987
0.5339503887449092,0.5173343206219918,0.987012987012987
0.5854572380599777,0.5173343206219918,0.987012987012987
0.5559866716031099,0.5173343206219918,0.987012987012987
0.5630951499444649,0.5173343206219918,0.987012987012987
0.592032580525731,0.5173343206219918,0.987012987012987
0.5519881525360976,0.5173343206219918,0.987012987012987
0.5607256571640132,0.5173343206219918,0.987012987012987
0.5760681229174378,0.5173343206219918,0.987012987012987
0.5847760088855978,0.5173343206219918,0.987012987012987
0.5775194372454645,0.5173343206219918,0.987012987012987
0.5269900037023324,0.5173343206219918,0.987012987012987
0.6049759348389484,0.5173343206219918,0.987012987012987
0.561821547574972,0.5173343206219918,0.987012987012987
0.5162088115512773,0.5173343206219918,0.987012987012987
0.5229322473158089,0.5173343206219918,0.987012987012987
0.5857238059977784,0.5173343206219918,0.987012987012987
0.5281451314328026,0.5173343206219918,0.987012987012987
0.5941651240281376,0.5173343206219918,0.987012987012987
0.5427175120325803,0.5173343206219918,0.987012987012987
0.5855164753794889,0.5173343206219918,0.987012987012987
0.5683968900407256,0.5173343206219918,0.987012987012987
0.5965642354683449,0.5173343206219918,0.987012987012987
0.5709440947797111,0.5173343206219918,0.987012987012987
0.5677452795261013,0.5173343206219918,0.987012987012987
0.5756534616808587,0.5173343206219918,0.987012987012987
0.5378896704924101,0.5173343206219918,0.987012987012987
0.5818437615697889,0.5173343206219918,0.987012987012987
0.5837985931136614,0.5173343206219918,0.987012987012987
0.6199333580155497,0.5173343206219918,0.987012987012987
0.583591262495372,0.5173343206219918,0.987012987012987
0.6219474268789336,0.5173343206219918,0.987012987012987
0.5579415031469824,0.5173343206219918,0.987012987012987
0.5646057015920029,0.5173343206219918,0.987012987012987
0.5558385783043316,0.5173343206219918,0.987012987012987
0.5769566827101072,0.5173343206219918,0.987012987012987
0.5595112921140317,0.5173343206219918,0.987012987012987
0.5928322843391336,0.5173343206219918,0.987012987012987
0.5888337652721214,0.5173343206219918,0.987012987012987
0.5759200296186596,0.5173343206219918,0.987012987012987
0.5781414291003331,0.5173343206219918,0.987012987012987
0.5816956682710107,0.5173343206219918,0.987012987012987
0.5733432062199184,0.5173343206219918,0.987012987012987
0.5555720103665307,0.5173343206219918,0.987012987012987
0.5919437245464642,0.5173343206219918,0.987012987012987
0.5679526101443908,0.5173343206219918,0.987012987012987
0.5129211403184005,0.5173343206219918,0.987012987012987
0.5836504998148833,0.5173343206219918,0.987012987012987
0.549026286560533,0.5173343206219918,0.987012987012987
0.5586227323213624,0.5173343206219918,0.987012987012987
0.5242947056645686,0.5173343206219918,0.987012987012987
0.5554239170677526,0.5173343206219918,0.987012987012987
0.5567567567567566,0.5173343206219918,0.987012987012987
0.5811329137356533,0.5173343206219918,0.987012987012987
0.5765420214735282,0.5173343206219918,0.987012987012987
0.575564605701592,0.5173343206219918,0.987012987012987
0.5917660125879303,0.5173343206219918,0.987012987012987
0.5637171417993334,0.5173343206219918,0.987012987012987
0.5795038874490928,0.5173343206219918,0.987012987012987
0.4767567567567567,0.5173343206219918,0.987012987012987
0.5926545723805996,0.5173343206219918,0.987012987012987
0.5789411329137355,0.5173343206219918,0.987012987012987
0.5513957793409847,0.5173343206219918,0.987012987012987
0.6011847463902258,0.5173343206219918,0.987012987012987
0.5780821917808219,0.5173343206219918,0.987012987012987
0.5505960755275824,0.5173343206219918,0.987012987012987
0.5808959644576083,0.5173343206219918,0.987012987012987
0.5903443169196593,0.5173343206219918,0.987012987012987
0.5861680858941132,0.5173343206219918,0.987012987012987
0.5650499814883376,0.5173343206219918,0.987012987012987
0.5986671603109958,0.5173343206219918,0.987012987012987
0.5231691965938541,0.5173343206219918,0.987012987012987
0.5781710477600888,0.5173343206219918,0.987012987012987
0.5650796001480931,0.5173343206219918,0.987012987012987
0.5957349129951869,0.5173343206219918,0.987012987012987
0.5736393928174749,0.5173343206219918,0.987012987012987
